,Doctor,Area,Sede,Dir
0,Laura Garcia Sanchez,LABORATORIOS CLINICOS,Clinica Good Hope,"AV. MALECON BALTA N° 956, MIRAFLORES, LIMA, LIMA"
1,Federico Rodriguez Altamirano,CIRUGÍA GENERAL Y DIGESTIVA,Clinica San Pablo Sede Surco,"AV. EL POLO N° 789, SANTIAGO DE SURCO, LIMA, LIMA"
2,Federico Rodriguez Altamirano,MEDICINA PREVENTIVA,Clinica Good Hope,"AV. MALECON BALTA N° 956, MIRAFLORES, LIMA, LIMA"
3,Federico Rodriguez Altamirano,NEUMOLOGIA,Clinica Miraflores,"AV. JOSE ANTONIO ENCINAS N° 141, MIRAFLORES, LIMA, LIMA"
4,Laura Garcia Sanchez,MEDICINA INTERNA,Clinica Los Andes,"CALLE ASUNCION N° 177, MIRAFLORES, LIMA, LIMA"
5,Laura Garcia Sanchez,FARMACIA,Clinica Miraflores,"AV. JOSE ANTONIO ENCINAS N° 141, MIRAFLORES, LIMA, LIMA"
6,Laura Altamirano Yamamoto,UROLOGIA,Clinica Padre Luis Tezza,"AV. EL POLO N° 570, SANTIAGO DE SURCO, LIMA, LIMA"
7,Laura Garcia Sanchez,DIGESTIVO,Clinica Neuroquirugica Alvarez,"AV. ALFREDO BENAVIDES N° 2965, MIRAFLORES, LIMA, LIMA"
8,Federico Garcia Rodriguez,REHABILITACION,Clinica Padre Luis Tezza,"AV. EL POLO N° 570, SANTIAGO DE SURCO, LIMA, LIMA"
9,Laura Garcia Sanchez,OFTALMOLOGIA,Clinica Los Andes,"CALLE ASUNCION N° 177, MIRAFLORES, LIMA, LIMA"
10,Martin Rodriguez Diaz,CARDIOLOGIA,Clinica San Pablo Sede Surco,"AV. EL POLO N° 789, SANTIAGO DE SURCO, LIMA, LIMA"
11,Federico Garcia Rodriguez,CIRUGÍA ORTOPEDICA Y TRAUMATOLOGIA,CLinica Maison de Sante Del Este,"AV. PROLONGACIÓN ALFREDO BENAVIDES N° 5362 URB. LAS GARDENIAS, SANTIAGO DE SURCO, LIMA, LIMA"
12,Laura Garcia Sanchez,MEDICINA INTERNA,Clinica Neuroquirugica Alvarez,"AV. ALFREDO BENAVIDES N° 2965, MIRAFLORES, LIMA, LIMA"
13,Federico Lopez Yamamoto,PEDIATRIA/NEONATOLOGIA,Clinica San Pablo Sede Surco,"AV. EL POLO N° 789, SANTIAGO DE SURCO, LIMA, LIMA"
14,Martin Rodriguez Diaz,CIRUGÍA GENERAL Y DIGESTIVA,Clinica San Pablo Sede Surco,"AV. EL POLO N° 789, SANTIAGO DE SURCO, LIMA, LIMA"
15,Diego Altamirano Yamamoto,LABORATORIOS CLINICOS,Clinica San Pablo Sede Surco,"AV. EL POLO N° 789, SANTIAGO DE SURCO, LIMA, LIMA"
16,Federico Lopez Yamamoto,MEDICINA INTERNA,Clinica Padre Luis Tezza,"AV. EL POLO N° 570, SANTIAGO DE SURCO, LIMA, LIMA"
17,Federico Lopez Yamamoto,MEDICINA INTERNA,Clinica Miraflores,"AV. JOSE ANTONIO ENCINAS N° 141, MIRAFLORES, LIMA, LIMA"
18,Martin Rodriguez Diaz,ANESTESIOLOGIA,Clinica Miraflores,"AV. JOSE ANTONIO ENCINAS N° 141, MIRAFLORES, LIMA, LIMA"
19,Martin Rodriguez Diaz,URGENCIAS,CLinica Maison de Sante Del Este,"AV. PROLONGACIÓN ALFREDO BENAVIDES N° 5362 URB. LAS GARDENIAS, SANTIAGO DE SURCO, LIMA, LIMA"
20,Federico Rodriguez Lopez,CIRUGÍA ORTOPEDICA Y TRAUMATOLOGIA,Clinica San Pablo Sede Surco,"AV. EL POLO N° 789, SANTIAGO DE SURCO, LIMA, LIMA"
21,Luis Paredes Lopez,NEFROLOGIA,Clinica Padre Luis Tezza,"AV. EL POLO N° 570, SANTIAGO DE SURCO, LIMA, LIMA"
22,Federico Rodriguez Lopez,NEFROLOGIA,Clinica Neuroquirugica Alvarez,"AV. ALFREDO BENAVIDES N° 2965, MIRAFLORES, LIMA, LIMA"
23,Martin Rodriguez Diaz,URGENCIAS,Clinica San Pablo Sede Surco,"AV. EL POLO N° 789, SANTIAGO DE SURCO, LIMA, LIMA"
24,Laura Altamirano Yamamoto,RADIODIAGNÓSTICO,Clinica Miraflores,"AV. JOSE ANTONIO ENCINAS N° 141, MIRAFLORES, LIMA, LIMA"
25,Federico Rodriguez Altamirano,NEFROLOGIA,Clinica San Pablo Sede Surco,"AV. EL POLO N° 789, SANTIAGO DE SURCO, LIMA, LIMA"
26,Luis Diaz Yamamoto,MEDICINA INTERNA,CLinica Maison de Sante Del Este,"AV. PROLONGACIÓN ALFREDO BENAVIDES N° 5362 URB. LAS GARDENIAS, SANTIAGO DE SURCO, LIMA, LIMA"
27,Federico Rodriguez Lopez,CIRUGÍA GENERAL Y DIGESTIVA,Clinica Los Andes,"CALLE ASUNCION N° 177, MIRAFLORES, LIMA, LIMA"
28,Laura Garcia Sanchez,DERMATOLOGIA,Clinica Padre Luis Tezza,"AV. EL POLO N° 570, SANTIAGO DE SURCO, LIMA, LIMA"
29,Laura Garcia Sanchez,UROLOGIA,CLinica Maison de Sante Del Este,"AV. PROLONGACIÓN ALFREDO BENAVIDES N° 5362 URB. LAS GARDENIAS, SANTIAGO DE SURCO, LIMA, LIMA"
30,Federico Garcia Rodriguez,HEMATOLOGIA,Clinica Padre Luis Tezza,"AV. EL POLO N° 570, SANTIAGO DE SURCO, LIMA, LIMA"
31,Laura Garcia Sanchez,HEMATOLOGIA,CLinica Maison de Sante Del Este,"AV. PROLONGACIÓN ALFREDO BENAVIDES N° 5362 URB. LAS GARDENIAS, SANTIAGO DE SURCO, LIMA, LIMA"
32,Laura Garcia Sanchez,ANESTESIOLOGIA,Clinica San Pablo Sede Surco,"AV. EL POLO N° 789, SANTIAGO DE SURCO, LIMA, LIMA"
33,Luis Paredes Lopez,URGENCIAS,Clinica Padre Luis Tezza,"AV. EL POLO N° 570, SANTIAGO DE SURCO, LIMA, LIMA"
34,Federico Rodriguez Altamirano,GINECOLOGÍA Y OBSTETRICIA,Clinica Los Andes,"CALLE ASUNCION N° 177, MIRAFLORES, LIMA, LIMA"
35,Federico Rodriguez Lopez,CIRUGÍA ORTOPEDICA Y TRAUMATOLOGIA,Clinica Miraflores,"AV. JOSE ANTONIO ENCINAS N° 141, MIRAFLORES, LIMA, LIMA"
36,Luis Diaz Yamamoto,URGENCIAS,Clinica San Pablo Sede Surco,"AV. EL POLO N° 789, SANTIAGO DE SURCO, LIMA, LIMA"
37,Diego Altamirano Yamamoto,ANESTESIOLOGIA,CLinica Maison de Sante Del Este,"AV. PROLONGACIÓN ALFREDO BENAVIDES N° 5362 URB. LAS GARDENIAS, SANTIAGO DE SURCO, LIMA, LIMA"
38,Laura Garcia Sanchez,OFTALMOLOGIA,Clinica Neuroquirugica Alvarez,"AV. ALFREDO BENAVIDES N° 2965, MIRAFLORES, LIMA, LIMA"
39,Luis Diaz Yamamoto,CUIDADOS INTENSIVOS,Clinica Los Andes,"CALLE ASUNCION N° 177, MIRAFLORES, LIMA, LIMA"
40,Federico Lopez Yamamoto,PEDIATRIA/NEONATOLOGIA,Clinica Padre Luis Tezza,"AV. EL POLO N° 570, SANTIAGO DE SURCO, LIMA, LIMA"
41,Laura Garcia Sanchez,RADIODIAGNÓSTICO,Clinica San Pablo Sede Surco,"AV. EL POLO N° 789, SANTIAGO DE SURCO, LIMA, LIMA"
42,Martin Rodriguez Diaz,ANESTESIOLOGIA,Clinica Los Andes,"CALLE ASUNCION N° 177, MIRAFLORES, LIMA, LIMA"
43,Federico Lopez Yamamoto,NEFROLOGIA,Clinica Los Andes,"CALLE ASUNCION N° 177, MIRAFLORES, LIMA, LIMA"
44,Luis Diaz Yamamoto,NEFROLOGIA,Clinica Good Hope,"AV. MALECON BALTA N° 956, MIRAFLORES, LIMA, LIMA"
45,Federico Garcia Rodriguez,OTORRINOLARIONGOLOGIA,Clinica Los Andes,"CALLE ASUNCION N° 177, MIRAFLORES, LIMA, LIMA"
46,Laura Altamirano Yamamoto,NEUMOLOGIA,Clinica Padre Luis Tezza,"AV. EL POLO N° 570, SANTIAGO DE SURCO, LIMA, LIMA"
47,Laura Garcia Sanchez,CIRUGÍA ORTOPEDICA Y TRAUMATOLOGIA,CLinica Maison de Sante Del Este,"AV. PROLONGACIÓN ALFREDO BENAVIDES N° 5362 URB. LAS GARDENIAS, SANTIAGO DE SURCO, LIMA, LIMA"
48,Federico Lopez Yamamoto,CIRUGÍA ORTOPEDICA Y TRAUMATOLOGIA,Clinica Miraflores,"AV. JOSE ANTONIO ENCINAS N° 141, MIRAFLORES, LIMA, LIMA"
49,Federico Lopez Yamamoto,MEDICINA INTERNA,Clinica San Pablo Sede Surco,"AV. EL POLO N° 789, SANTIAGO DE SURCO, LIMA, LIMA"
50,Federico Rodriguez Altamirano,DERMATOLOGIA,CLinica Maison de Sante Del Este,"AV. PROLONGACIÓN ALFREDO BENAVIDES N° 5362 URB. LAS GARDENIAS, SANTIAGO DE SURCO, LIMA, LIMA"
51,Laura Garcia Sanchez,PEDIATRIA/NEONATOLOGIA,Clinica Padre Luis Tezza,"AV. EL POLO N° 570, SANTIAGO DE SURCO, LIMA, LIMA"
52,Laura Garcia Sanchez,OTORRINOLARIONGOLOGIA,Clinica Good Hope,"AV. MALECON BALTA N° 956, MIRAFLORES, LIMA, LIMA"
53,Luis Paredes Lopez,UROLOGIA,Clinica Good Hope,"AV. MALECON BALTA N° 956, MIRAFLORES, LIMA, LIMA"
54,Martin Rodriguez Diaz,HEMATOLOGIA,Clinica Good Hope,"AV. MALECON BALTA N° 956, MIRAFLORES, LIMA, LIMA"
55,Federico Lopez Yamamoto,MEDICINA INTERNA,Clinica Good Hope,"AV. MALECON BALTA N° 956, MIRAFLORES, LIMA, LIMA"
56,Federico Garcia Rodriguez,DERMATOLOGIA,Clinica Good Hope,"AV. MALECON BALTA N° 956, MIRAFLORES, LIMA, LIMA"
57,Luis Paredes Lopez,OFTALMOLOGIA,CLinica Maison de Sante Del Este,"AV. PROLONGACIÓN ALFREDO BENAVIDES N° 5362 URB. LAS GARDENIAS, SANTIAGO DE SURCO, LIMA, LIMA"
58,Federico Lopez Yamamoto,MEDICINA PREVENTIVA,Clinica Padre Luis Tezza,"AV. EL POLO N° 570, SANTIAGO DE SURCO, LIMA, LIMA"
59,Luis Paredes Lopez,ONCOLOGIA,Clinica Padre Luis Tezza,"AV. EL POLO N° 570, SANTIAGO DE SURCO, LIMA, LIMA"
60,Martin Rodriguez Diaz,MEDICINA INTERNA,CLinica Maison de Sante Del Este,"AV. PROLONGACIÓN ALFREDO BENAVIDES N° 5362 URB. LAS GARDENIAS, SANTIAGO DE SURCO, LIMA, LIMA"
61,Luis Diaz Yamamoto,RADIODIAGNÓSTICO,Clinica Neuroquirugica Alvarez,"AV. ALFREDO BENAVIDES N° 2965, MIRAFLORES, LIMA, LIMA"
62,Federico Rodriguez Lopez,OFTALMOLOGIA,Clinica Los Andes,"CALLE ASUNCION N° 177, MIRAFLORES, LIMA, LIMA"
63,Federico Garcia Rodriguez,REHABILITACION,Clinica Miraflores,"AV. JOSE ANTONIO ENCINAS N° 141, MIRAFLORES, LIMA, LIMA"
64,Luis Paredes Lopez,NEFROLOGIA,Clinica Miraflores,"AV. JOSE ANTONIO ENCINAS N° 141, MIRAFLORES, LIMA, LIMA"
65,Diego Altamirano Yamamoto,PEDIATRIA/NEONATOLOGIA,Clinica Good Hope,"AV. MALECON BALTA N° 956, MIRAFLORES, LIMA, LIMA"
66,Federico Rodriguez Altamirano,GINECOLOGÍA Y OBSTETRICIA,Clinica San Pablo Sede Surco,"AV. EL POLO N° 789, SANTIAGO DE SURCO, LIMA, LIMA"
67,Federico Lopez Yamamoto,OFTALMOLOGIA,Clinica Good Hope,"AV. MALECON BALTA N° 956, MIRAFLORES, LIMA, LIMA"
68,Federico Lopez Yamamoto,DERMATOLOGIA,CLinica Maison de Sante Del Este,"AV. PROLONGACIÓN ALFREDO BENAVIDES N° 5362 URB. LAS GARDENIAS, SANTIAGO DE SURCO, LIMA, LIMA"
69,Martin Rodriguez Diaz,CARDIOLOGIA,Clinica San Pablo Sede Surco,"AV. EL POLO N° 789, SANTIAGO DE SURCO, LIMA, LIMA"
70,Federico Garcia Rodriguez,CIRUGÍA ORTOPEDICA Y TRAUMATOLOGIA,Clinica Miraflores,"AV. JOSE ANTONIO ENCINAS N° 141, MIRAFLORES, LIMA, LIMA"
71,Federico Rodriguez Altamirano,CIRUGÍA GENERAL Y DIGESTIVA,Clinica San Pablo Sede Surco,"AV. EL POLO N° 789, SANTIAGO DE SURCO, LIMA, LIMA"
72,Laura Garcia Sanchez,CARDIOLOGIA,Clinica Miraflores,"AV. JOSE ANTONIO ENCINAS N° 141, MIRAFLORES, LIMA, LIMA"
73,Diego Altamirano Yamamoto,RADIODIAGNÓSTICO,Clinica Neuroquirugica Alvarez,"AV. ALFREDO BENAVIDES N° 2965, MIRAFLORES, LIMA, LIMA"
74,Luis Diaz Yamamoto,RADIODIAGNÓSTICO,Clinica Padre Luis Tezza,"AV. EL POLO N° 570, SANTIAGO DE SURCO, LIMA, LIMA"
75,Martin Rodriguez Diaz,OFTALMOLOGIA,CLinica Maison de Sante Del Este,"AV. PROLONGACIÓN ALFREDO BENAVIDES N° 5362 URB. LAS GARDENIAS, SANTIAGO DE SURCO, LIMA, LIMA"
76,Luis Paredes Lopez,OFTALMOLOGIA,Clinica Neuroquirugica Alvarez,"AV. ALFREDO BENAVIDES N° 2965, MIRAFLORES, LIMA, LIMA"
77,Martin Rodriguez Diaz,OFTALMOLOGIA,Clinica Miraflores,"AV. JOSE ANTONIO ENCINAS N° 141, MIRAFLORES, LIMA, LIMA"
78,Federico Rodriguez Lopez,UROLOGIA,Clinica San Pablo Sede Surco,"AV. EL POLO N° 789, SANTIAGO DE SURCO, LIMA, LIMA"
79,Diego Altamirano Yamamoto,ANESTESIOLOGIA,CLinica Maison de Sante Del Este,"AV. PROLONGACIÓN ALFREDO BENAVIDES N° 5362 URB. LAS GARDENIAS, SANTIAGO DE SURCO, LIMA, LIMA"
80,Federico Rodriguez Altamirano,MEDICINA PREVENTIVA,Clinica Miraflores,"AV. JOSE ANTONIO ENCINAS N° 141, MIRAFLORES, LIMA, LIMA"
81,Laura Altamirano Yamamoto,OFTALMOLOGIA,Clinica Miraflores,"AV. JOSE ANTONIO ENCINAS N° 141, MIRAFLORES, LIMA, LIMA"
82,Federico Garcia Rodriguez,LABORATORIOS CLINICOS,Clinica San Pablo Sede Surco,"AV. EL POLO N° 789, SANTIAGO DE SURCO, LIMA, LIMA"
83,Federico Garcia Rodriguez,LABORATORIOS CLINICOS,Clinica Los Andes,"CALLE ASUNCION N° 177, MIRAFLORES, LIMA, LIMA"
84,Luis Paredes Lopez,RADIODIAGNÓSTICO,Clinica Los Andes,"CALLE ASUNCION N° 177, MIRAFLORES, LIMA, LIMA"
85,Laura Altamirano Yamamoto,GINECOLOGÍA Y OBSTETRICIA,Clinica Los Andes,"CALLE ASUNCION N° 177, MIRAFLORES, LIMA, LIMA"
86,Federico Rodriguez Lopez,CIRUGÍA GENERAL Y DIGESTIVA,Clinica Good Hope,"AV. MALECON BALTA N° 956, MIRAFLORES, LIMA, LIMA"
87,Federico Rodriguez Altamirano,OTORRINOLARIONGOLOGIA,Clinica San Pablo Sede Surco,"AV. EL POLO N° 789, SANTIAGO DE SURCO, LIMA, LIMA"
88,Federico Rodriguez Lopez,DIGESTIVO,Clinica Good Hope,"AV. MALECON BALTA N° 956, MIRAFLORES, LIMA, LIMA"
89,Luis Paredes Lopez,RADIODIAGNÓSTICO,Clinica Good Hope,"AV. MALECON BALTA N° 956, MIRAFLORES, LIMA, LIMA"
90,Diego Altamirano Yamamoto,DIGESTIVO,Clinica Los Andes,"CALLE ASUNCION N° 177, MIRAFLORES, LIMA, LIMA"
91,Laura Garcia Sanchez,CIRUGÍA ORTOPEDICA Y TRAUMATOLOGIA,CLinica Maison de Sante Del Este,"AV. PROLONGACIÓN ALFREDO BENAVIDES N° 5362 URB. LAS GARDENIAS, SANTIAGO DE SURCO, LIMA, LIMA"
92,Federico Rodriguez Altamirano,OFTALMOLOGIA,Clinica Padre Luis Tezza,"AV. EL POLO N° 570, SANTIAGO DE SURCO, LIMA, LIMA"
93,Luis Paredes Lopez,URGENCIAS,Clinica Miraflores,"AV. JOSE ANTONIO ENCINAS N° 141, MIRAFLORES, LIMA, LIMA"
94,Federico Garcia Rodriguez,DIGESTIVO,Clinica Los Andes,"CALLE ASUNCION N° 177, MIRAFLORES, LIMA, LIMA"
95,Laura Altamirano Yamamoto,PEDIATRIA/NEONATOLOGIA,Clinica Miraflores,"AV. JOSE ANTONIO ENCINAS N° 141, MIRAFLORES, LIMA, LIMA"
96,Laura Altamirano Yamamoto,ONCOLOGIA,Clinica San Pablo Sede Surco,"AV. EL POLO N° 789, SANTIAGO DE SURCO, LIMA, LIMA"
97,Martin Rodriguez Diaz,PEDIATRIA/NEONATOLOGIA,Clinica Good Hope,"AV. MALECON BALTA N° 956, MIRAFLORES, LIMA, LIMA"
98,Luis Diaz Yamamoto,LABORATORIOS CLINICOS,Clinica Neuroquirugica Alvarez,"AV. ALFREDO BENAVIDES N° 2965, MIRAFLORES, LIMA, LIMA"
99,Martin Rodriguez Diaz,MEDICINA PREVENTIVA,Clinica Neuroquirugica Alvarez,"AV. ALFREDO BENAVIDES N° 2965, MIRAFLORES, LIMA, LIMA"
100,Diego Altamirano Yamamoto,HEMATOLOGIA,Clinica Miraflores,"AV. JOSE ANTONIO ENCINAS N° 141, MIRAFLORES, LIMA, LIMA"
101,Federico Rodriguez Lopez,DIGESTIVO,Clinica San Pablo Sede Surco,"AV. EL POLO N° 789, SANTIAGO DE SURCO, LIMA, LIMA"
102,Diego Altamirano Yamamoto,OTORRINOLARIONGOLOGIA,CLinica Maison de Sante Del Este,"AV. PROLONGACIÓN ALFREDO BENAVIDES N° 5362 URB. LAS GARDENIAS, SANTIAGO DE SURCO, LIMA, LIMA"
103,Diego Altamirano Yamamoto,MEDICINA PREVENTIVA,Clinica Neuroquirugica Alvarez,"AV. ALFREDO BENAVIDES N° 2965, MIRAFLORES, LIMA, LIMA"
104,Luis Diaz Yamamoto,RADIODIAGNÓSTICO,CLinica Maison de Sante Del Este,"AV. PROLONGACIÓN ALFREDO BENAVIDES N° 5362 URB. LAS GARDENIAS, SANTIAGO DE SURCO, LIMA, LIMA"
105,Federico Garcia Rodriguez,ONCOLOGIA,Clinica Good Hope,"AV. MALECON BALTA N° 956, MIRAFLORES, LIMA, LIMA"
106,Federico Lopez Yamamoto,CIRUGÍA GENERAL Y DIGESTIVA,Clinica Los Andes,"CALLE ASUNCION N° 177, MIRAFLORES, LIMA, LIMA"
107,Luis Paredes Lopez,OFTALMOLOGIA,Clinica Los Andes,"CALLE ASUNCION N° 177, MIRAFLORES, LIMA, LIMA"
108,Martin Rodriguez Diaz,GINECOLOGÍA Y OBSTETRICIA,Clinica San Pablo Sede Surco,"AV. EL POLO N° 789, SANTIAGO DE SURCO, LIMA, LIMA"
109,Federico Rodriguez Lopez,GINECOLOGÍA Y OBSTETRICIA,Clinica Good Hope,"AV. MALECON BALTA N° 956, MIRAFLORES, LIMA, LIMA"
110,Federico Rodriguez Altamirano,MEDICINA PREVENTIVA,Clinica Padre Luis Tezza,"AV. EL POLO N° 570, SANTIAGO DE SURCO, LIMA, LIMA"
111,Federico Lopez Yamamoto,UROLOGIA,CLinica Maison de Sante Del Este,"AV. PROLONGACIÓN ALFREDO BENAVIDES N° 5362 URB. LAS GARDENIAS, SANTIAGO DE SURCO, LIMA, LIMA"
112,Federico Rodriguez Altamirano,MEDICINA PREVENTIVA,Clinica Miraflores,"AV. JOSE ANTONIO ENCINAS N° 141, MIRAFLORES, LIMA, LIMA"
113,Federico Garcia Rodriguez,PEDIATRIA/NEONATOLOGIA,Clinica Neuroquirugica Alvarez,"AV. ALFREDO BENAVIDES N° 2965, MIRAFLORES, LIMA, LIMA"
114,Federico Rodriguez Lopez,UROLOGIA,CLinica Maison de Sante Del Este,"AV. PROLONGACIÓN ALFREDO BENAVIDES N° 5362 URB. LAS GARDENIAS, SANTIAGO DE SURCO, LIMA, LIMA"
115,Laura Altamirano Yamamoto,NEFROLOGIA,CLinica Maison de Sante Del Este,"AV. PROLONGACIÓN ALFREDO BENAVIDES N° 5362 URB. LAS GARDENIAS, SANTIAGO DE SURCO, LIMA, LIMA"
116,Diego Altamirano Yamamoto,CIRUGÍA GENERAL Y DIGESTIVA,Clinica Miraflores,"AV. JOSE ANTONIO ENCINAS N° 141, MIRAFLORES, LIMA, LIMA"
117,Luis Paredes Lopez,CIRUGÍA GENERAL Y DIGESTIVA,Clinica San Pablo Sede Surco,"AV. EL POLO N° 789, SANTIAGO DE SURCO, LIMA, LIMA"
118,Laura Altamirano Yamamoto,DERMATOLOGIA,Clinica San Pablo Sede Surco,"AV. EL POLO N° 789, SANTIAGO DE SURCO, LIMA, LIMA"
119,Federico Garcia Rodriguez,PEDIATRIA/NEONATOLOGIA,Clinica Los Andes,"CALLE ASUNCION N° 177, MIRAFLORES, LIMA, LIMA"
120,Federico Rodriguez Lopez,DERMATOLOGIA,Clinica Neuroquirugica Alvarez,"AV. ALFREDO BENAVIDES N° 2965, MIRAFLORES, LIMA, LIMA"
121,Federico Lopez Yamamoto,MEDICINA PREVENTIVA,CLinica Maison de Sante Del Este,"AV. PROLONGACIÓN ALFREDO BENAVIDES N° 5362 URB. LAS GARDENIAS, SANTIAGO DE SURCO, LIMA, LIMA"
122,Federico Rodriguez Altamirano,UROLOGIA,Clinica Los Andes,"CALLE ASUNCION N° 177, MIRAFLORES, LIMA, LIMA"
123,Federico Lopez Yamamoto,CUIDADOS INTENSIVOS,Clinica San Pablo Sede Surco,"AV. EL POLO N° 789, SANTIAGO DE SURCO, LIMA, LIMA"
124,Federico Garcia Rodriguez,RADIODIAGNÓSTICO,Clinica Miraflores,"AV. JOSE ANTONIO ENCINAS N° 141, MIRAFLORES, LIMA, LIMA"
125,Federico Lopez Yamamoto,PEDIATRIA/NEONATOLOGIA,Clinica San Pablo Sede Surco,"AV. EL POLO N° 789, SANTIAGO DE SURCO, LIMA, LIMA"
126,Federico Rodriguez Lopez,REHABILITACION,Clinica San Pablo Sede Surco,"AV. EL POLO N° 789, SANTIAGO DE SURCO, LIMA, LIMA"
127,Federico Rodriguez Altamirano,MEDICINA INTERNA,Clinica Miraflores,"AV. JOSE ANTONIO ENCINAS N° 141, MIRAFLORES, LIMA, LIMA"
128,Diego Altamirano Yamamoto,DIGESTIVO,Clinica Neuroquirugica Alvarez,"AV. ALFREDO BENAVIDES N° 2965, MIRAFLORES, LIMA, LIMA"
129,Federico Lopez Yamamoto,MEDICINA INTERNA,Clinica Neuroquirugica Alvarez,"AV. ALFREDO BENAVIDES N° 2965, MIRAFLORES, LIMA, LIMA"
130,Federico Rodriguez Lopez,PEDIATRIA/NEONATOLOGIA,Clinica Neuroquirugica Alvarez,"AV. ALFREDO BENAVIDES N° 2965, MIRAFLORES, LIMA, LIMA"
131,Martin Rodriguez Diaz,CARDIOLOGIA,Clinica Miraflores,"AV. JOSE ANTONIO ENCINAS N° 141, MIRAFLORES, LIMA, LIMA"
132,Luis Diaz Yamamoto,DERMATOLOGIA,Clinica Los Andes,"CALLE ASUNCION N° 177, MIRAFLORES, LIMA, LIMA"
133,Diego Altamirano Yamamoto,ANESTESIOLOGIA,CLinica Maison de Sante Del Este,"AV. PROLONGACIÓN ALFREDO BENAVIDES N° 5362 URB. LAS GARDENIAS, SANTIAGO DE SURCO, LIMA, LIMA"
134,Federico Garcia Rodriguez,CIRUGÍA ORTOPEDICA Y TRAUMATOLOGIA,Clinica Padre Luis Tezza,"AV. EL POLO N° 570, SANTIAGO DE SURCO, LIMA, LIMA"
135,Federico Lopez Yamamoto,CIRUGÍA GENERAL Y DIGESTIVA,Clinica Miraflores,"AV. JOSE ANTONIO ENCINAS N° 141, MIRAFLORES, LIMA, LIMA"
136,Federico Rodriguez Altamirano,CARDIOLOGIA,Clinica Padre Luis Tezza,"AV. EL POLO N° 570, SANTIAGO DE SURCO, LIMA, LIMA"
137,Laura Altamirano Yamamoto,ANESTESIOLOGIA,CLinica Maison de Sante Del Este,"AV. PROLONGACIÓN ALFREDO BENAVIDES N° 5362 URB. LAS GARDENIAS, SANTIAGO DE SURCO, LIMA, LIMA"
138,Laura Garcia Sanchez,DERMATOLOGIA,Clinica Neuroquirugica Alvarez,"AV. ALFREDO BENAVIDES N° 2965, MIRAFLORES, LIMA, LIMA"
139,Luis Paredes Lopez,FARMACIA,Clinica Good Hope,"AV. MALECON BALTA N° 956, MIRAFLORES, LIMA, LIMA"
140,Luis Paredes Lopez,DERMATOLOGIA,Clinica Good Hope,"AV. MALECON BALTA N° 956, MIRAFLORES, LIMA, LIMA"
141,Federico Rodriguez Altamirano,CUIDADOS INTENSIVOS,Clinica San Pablo Sede Surco,"AV. EL POLO N° 789, SANTIAGO DE SURCO, LIMA, LIMA"
142,Luis Paredes Lopez,CIRUGÍA ORTOPEDICA Y TRAUMATOLOGIA,Clinica Good Hope,"AV. MALECON BALTA N° 956, MIRAFLORES, LIMA, LIMA"
143,Luis Diaz Yamamoto,ANESTESIOLOGIA,Clinica Good Hope,"AV. MALECON BALTA N° 956, MIRAFLORES, LIMA, LIMA"
144,Laura Altamirano Yamamoto,CUIDADOS INTENSIVOS,Clinica Neuroquirugica Alvarez,"AV. ALFREDO BENAVIDES N° 2965, MIRAFLORES, LIMA, LIMA"
145,Federico Garcia Rodriguez,HEMATOLOGIA,Clinica Los Andes,"CALLE ASUNCION N° 177, MIRAFLORES, LIMA, LIMA"
146,Federico Lopez Yamamoto,MEDICINA PREVENTIVA,Clinica Los Andes,"CALLE ASUNCION N° 177, MIRAFLORES, LIMA, LIMA"
147,Martin Rodriguez Diaz,HEMATOLOGIA,Clinica Los Andes,"CALLE ASUNCION N° 177, MIRAFLORES, LIMA, LIMA"
148,Federico Rodriguez Altamirano,CUIDADOS INTENSIVOS,Clinica Los Andes,"CALLE ASUNCION N° 177, MIRAFLORES, LIMA, LIMA"
149,Diego Altamirano Yamamoto,OTORRINOLARIONGOLOGIA,Clinica Miraflores,"AV. JOSE ANTONIO ENCINAS N° 141, MIRAFLORES, LIMA, LIMA"
150,Martin Rodriguez Diaz,HEMATOLOGIA,Clinica Neuroquirugica Alvarez,"AV. ALFREDO BENAVIDES N° 2965, MIRAFLORES, LIMA, LIMA"
151,Luis Paredes Lopez,MEDICINA PREVENTIVA,Clinica Padre Luis Tezza,"AV. EL POLO N° 570, SANTIAGO DE SURCO, LIMA, LIMA"
152,Luis Diaz Yamamoto,DERMATOLOGIA,Clinica Neuroquirugica Alvarez,"AV. ALFREDO BENAVIDES N° 2965, MIRAFLORES, LIMA, LIMA"
153,Martin Rodriguez Diaz,LABORATORIOS CLINICOS,Clinica Padre Luis Tezza,"AV. EL POLO N° 570, SANTIAGO DE SURCO, LIMA, LIMA"
154,Diego Altamirano Yamamoto,HEMATOLOGIA,Clinica Miraflores,"AV. JOSE ANTONIO ENCINAS N° 141, MIRAFLORES, LIMA, LIMA"
155,Diego Altamirano Yamamoto,RADIODIAGNÓSTICO,Clinica Neuroquirugica Alvarez,"AV. ALFREDO BENAVIDES N° 2965, MIRAFLORES, LIMA, LIMA"
156,Martin Rodriguez Diaz,PEDIATRIA/NEONATOLOGIA,Clinica Los Andes,"CALLE ASUNCION N° 177, MIRAFLORES, LIMA, LIMA"
157,Luis Paredes Lopez,REHABILITACION,CLinica Maison de Sante Del Este,"AV. PROLONGACIÓN ALFREDO BENAVIDES N° 5362 URB. LAS GARDENIAS, SANTIAGO DE SURCO, LIMA, LIMA"
158,Federico Garcia Rodriguez,ANESTESIOLOGIA,Clinica Miraflores,"AV. JOSE ANTONIO ENCINAS N° 141, MIRAFLORES, LIMA, LIMA"
159,Federico Rodriguez Altamirano,FARMACIA,Clinica San Pablo Sede Surco,"AV. EL POLO N° 789, SANTIAGO DE SURCO, LIMA, LIMA"
160,Federico Lopez Yamamoto,NEFROLOGIA,Clinica San Pablo Sede Surco,"AV. EL POLO N° 789, SANTIAGO DE SURCO, LIMA, LIMA"
161,Federico Lopez Yamamoto,CIRUGÍA GENERAL Y DIGESTIVA,Clinica San Pablo Sede Surco,"AV. EL POLO N° 789, SANTIAGO DE SURCO, LIMA, LIMA"
162,Federico Lopez Yamamoto,CUIDADOS INTENSIVOS,Clinica Miraflores,"AV. JOSE ANTONIO ENCINAS N° 141, MIRAFLORES, LIMA, LIMA"
163,Luis Diaz Yamamoto,DERMATOLOGIA,Clinica San Pablo Sede Surco,"AV. EL POLO N° 789, SANTIAGO DE SURCO, LIMA, LIMA"
164,Laura Garcia Sanchez,OFTALMOLOGIA,Clinica Los Andes,"CALLE ASUNCION N° 177, MIRAFLORES, LIMA, LIMA"
165,Laura Altamirano Yamamoto,PEDIATRIA/NEONATOLOGIA,CLinica Maison de Sante Del Este,"AV. PROLONGACIÓN ALFREDO BENAVIDES N° 5362 URB. LAS GARDENIAS, SANTIAGO DE SURCO, LIMA, LIMA"
166,Laura Altamirano Yamamoto,ONCOLOGIA,Clinica Padre Luis Tezza,"AV. EL POLO N° 570, SANTIAGO DE SURCO, LIMA, LIMA"
167,Martin Rodriguez Diaz,CARDIOLOGIA,Clinica San Pablo Sede Surco,"AV. EL POLO N° 789, SANTIAGO DE SURCO, LIMA, LIMA"
168,Federico Rodriguez Lopez,HEMATOLOGIA,Clinica Neuroquirugica Alvarez,"AV. ALFREDO BENAVIDES N° 2965, MIRAFLORES, LIMA, LIMA"
169,Luis Diaz Yamamoto,DERMATOLOGIA,Clinica Padre Luis Tezza,"AV. EL POLO N° 570, SANTIAGO DE SURCO, LIMA, LIMA"
170,Martin Rodriguez Diaz,UROLOGIA,Clinica Miraflores,"AV. JOSE ANTONIO ENCINAS N° 141, MIRAFLORES, LIMA, LIMA"
171,Laura Altamirano Yamamoto,OFTALMOLOGIA,Clinica Los Andes,"CALLE ASUNCION N° 177, MIRAFLORES, LIMA, LIMA"
172,Laura Garcia Sanchez,CARDIOLOGIA,Clinica Los Andes,"CALLE ASUNCION N° 177, MIRAFLORES, LIMA, LIMA"
173,Federico Rodriguez Lopez,CARDIOLOGIA,Clinica Los Andes,"CALLE ASUNCION N° 177, MIRAFLORES, LIMA, LIMA"
174,Laura Altamirano Yamamoto,PEDIATRIA/NEONATOLOGIA,Clinica Good Hope,"AV. MALECON BALTA N° 956, MIRAFLORES, LIMA, LIMA"
175,Federico Rodriguez Lopez,HEMATOLOGIA,Clinica San Pablo Sede Surco,"AV. EL POLO N° 789, SANTIAGO DE SURCO, LIMA, LIMA"
176,Luis Diaz Yamamoto,DIGESTIVO,CLinica Maison de Sante Del Este,"AV. PROLONGACIÓN ALFREDO BENAVIDES N° 5362 URB. LAS GARDENIAS, SANTIAGO DE SURCO, LIMA, LIMA"
177,Luis Paredes Lopez,DIGESTIVO,Clinica Good Hope,"AV. MALECON BALTA N° 956, MIRAFLORES, LIMA, LIMA"
178,Laura Garcia Sanchez,REHABILITACION,Clinica Los Andes,"CALLE ASUNCION N° 177, MIRAFLORES, LIMA, LIMA"
179,Laura Garcia Sanchez,CIRUGÍA GENERAL Y DIGESTIVA,Clinica Miraflores,"AV. JOSE ANTONIO ENCINAS N° 141, MIRAFLORES, LIMA, LIMA"
180,Laura Altamirano Yamamoto,RADIODIAGNÓSTICO,CLinica Maison de Sante Del Este,"AV. PROLONGACIÓN ALFREDO BENAVIDES N° 5362 URB. LAS GARDENIAS, SANTIAGO DE SURCO, LIMA, LIMA"
181,Luis Paredes Lopez,DERMATOLOGIA,Clinica San Pablo Sede Surco,"AV. EL POLO N° 789, SANTIAGO DE SURCO, LIMA, LIMA"
182,Federico Lopez Yamamoto,CIRUGÍA ORTOPEDICA Y TRAUMATOLOGIA,Clinica Good Hope,"AV. MALECON BALTA N° 956, MIRAFLORES, LIMA, LIMA"
183,Federico Lopez Yamamoto,RADIODIAGNÓSTICO,Clinica Good Hope,"AV. MALECON BALTA N° 956, MIRAFLORES, LIMA, LIMA"
184,Laura Garcia Sanchez,UROLOGIA,CLinica Maison de Sante Del Este,"AV. PROLONGACIÓN ALFREDO BENAVIDES N° 5362 URB. LAS GARDENIAS, SANTIAGO DE SURCO, LIMA, LIMA"
185,Laura Altamirano Yamamoto,HEMATOLOGIA,CLinica Maison de Sante Del Este,"AV. PROLONGACIÓN ALFREDO BENAVIDES N° 5362 URB. LAS GARDENIAS, SANTIAGO DE SURCO, LIMA, LIMA"
186,Federico Lopez Yamamoto,CIRUGÍA GENERAL Y DIGESTIVA,Clinica San Pablo Sede Surco,"AV. EL POLO N° 789, SANTIAGO DE SURCO, LIMA, LIMA"
187,Martin Rodriguez Diaz,PEDIATRIA/NEONATOLOGIA,CLinica Maison de Sante Del Este,"AV. PROLONGACIÓN ALFREDO BENAVIDES N° 5362 URB. LAS GARDENIAS, SANTIAGO DE SURCO, LIMA, LIMA"
188,Diego Altamirano Yamamoto,PEDIATRIA/NEONATOLOGIA,Clinica Miraflores,"AV. JOSE ANTONIO ENCINAS N° 141, MIRAFLORES, LIMA, LIMA"
189,Federico Garcia Rodriguez,FARMACIA,Clinica Neuroquirugica Alvarez,"AV. ALFREDO BENAVIDES N° 2965, MIRAFLORES, LIMA, LIMA"
190,Laura Garcia Sanchez,FARMACIA,Clinica San Pablo Sede Surco,"AV. EL POLO N° 789, SANTIAGO DE SURCO, LIMA, LIMA"
191,Federico Rodriguez Altamirano,ONCOLOGIA,Clinica Padre Luis Tezza,"AV. EL POLO N° 570, SANTIAGO DE SURCO, LIMA, LIMA"
192,Laura Garcia Sanchez,OTORRINOLARIONGOLOGIA,Clinica Padre Luis Tezza,"AV. EL POLO N° 570, SANTIAGO DE SURCO, LIMA, LIMA"
193,Luis Diaz Yamamoto,MEDICINA INTERNA,Clinica San Pablo Sede Surco,"AV. EL POLO N° 789, SANTIAGO DE SURCO, LIMA, LIMA"
194,Laura Altamirano Yamamoto,URGENCIAS,Clinica Los Andes,"CALLE ASUNCION N° 177, MIRAFLORES, LIMA, LIMA"
195,Luis Diaz Yamamoto,CIRUGÍA GENERAL Y DIGESTIVA,Clinica Good Hope,"AV. MALECON BALTA N° 956, MIRAFLORES, LIMA, LIMA"
196,Federico Rodriguez Altamirano,GINECOLOGÍA Y OBSTETRICIA,Clinica Padre Luis Tezza,"AV. EL POLO N° 570, SANTIAGO DE SURCO, LIMA, LIMA"
197,Federico Rodriguez Lopez,PEDIATRIA/NEONATOLOGIA,Clinica Padre Luis Tezza,"AV. EL POLO N° 570, SANTIAGO DE SURCO, LIMA, LIMA"
198,Federico Garcia Rodriguez,DERMATOLOGIA,Clinica San Pablo Sede Surco,"AV. EL POLO N° 789, SANTIAGO DE SURCO, LIMA, LIMA"
199,Luis Paredes Lopez,MEDICINA PREVENTIVA,Clinica Neuroquirugica Alvarez,"AV. ALFREDO BENAVIDES N° 2965, MIRAFLORES, LIMA, LIMA"
200,Martin Rodriguez Diaz,URGENCIAS,Clinica Padre Luis Tezza,"AV. EL POLO N° 570, SANTIAGO DE SURCO, LIMA, LIMA"
201,Diego Altamirano Yamamoto,CIRUGÍA GENERAL Y DIGESTIVA,Clinica San Pablo Sede Surco,"AV. EL POLO N° 789, SANTIAGO DE SURCO, LIMA, LIMA"
202,Luis Diaz Yamamoto,MEDICINA INTERNA,Clinica Padre Luis Tezza,"AV. EL POLO N° 570, SANTIAGO DE SURCO, LIMA, LIMA"
203,Federico Rodriguez Altamirano,MEDICINA PREVENTIVA,Clinica Good Hope,"AV. MALECON BALTA N° 956, MIRAFLORES, LIMA, LIMA"
204,Luis Paredes Lopez,ONCOLOGIA,Clinica Good Hope,"AV. MALECON BALTA N° 956, MIRAFLORES, LIMA, LIMA"
205,Federico Garcia Rodriguez,CIRUGÍA ORTOPEDICA Y TRAUMATOLOGIA,Clinica Good Hope,"AV. MALECON BALTA N° 956, MIRAFLORES, LIMA, LIMA"
206,Luis Diaz Yamamoto,HEMATOLOGIA,Clinica Neuroquirugica Alvarez,"AV. ALFREDO BENAVIDES N° 2965, MIRAFLORES, LIMA, LIMA"
207,Federico Rodriguez Altamirano,UROLOGIA,CLinica Maison de Sante Del Este,"AV. PROLONGACIÓN ALFREDO BENAVIDES N° 5362 URB. LAS GARDENIAS, SANTIAGO DE SURCO, LIMA, LIMA"
208,Federico Rodriguez Altamirano,DIGESTIVO,Clinica Good Hope,"AV. MALECON BALTA N° 956, MIRAFLORES, LIMA, LIMA"
209,Luis Diaz Yamamoto,GINECOLOGÍA Y OBSTETRICIA,Clinica Good Hope,"AV. MALECON BALTA N° 956, MIRAFLORES, LIMA, LIMA"
210,Luis Paredes Lopez,RADIODIAGNÓSTICO,Clinica Good Hope,"AV. MALECON BALTA N° 956, MIRAFLORES, LIMA, LIMA"
211,Martin Rodriguez Diaz,URGENCIAS,Clinica Good Hope,"AV. MALECON BALTA N° 956, MIRAFLORES, LIMA, LIMA"
212,Martin Rodriguez Diaz,PEDIATRIA/NEONATOLOGIA,CLinica Maison de Sante Del Este,"AV. PROLONGACIÓN ALFREDO BENAVIDES N° 5362 URB. LAS GARDENIAS, SANTIAGO DE SURCO, LIMA, LIMA"
213,Federico Garcia Rodriguez,NEFROLOGIA,Clinica Neuroquirugica Alvarez,"AV. ALFREDO BENAVIDES N° 2965, MIRAFLORES, LIMA, LIMA"
214,Diego Altamirano Yamamoto,LABORATORIOS CLINICOS,Clinica Good Hope,"AV. MALECON BALTA N° 956, MIRAFLORES, LIMA, LIMA"
215,Diego Altamirano Yamamoto,URGENCIAS,Clinica Good Hope,"AV. MALECON BALTA N° 956, MIRAFLORES, LIMA, LIMA"
216,Laura Garcia Sanchez,MEDICINA PREVENTIVA,Clinica Padre Luis Tezza,"AV. EL POLO N° 570, SANTIAGO DE SURCO, LIMA, LIMA"
217,Diego Altamirano Yamamoto,DERMATOLOGIA,Clinica Neuroquirugica Alvarez,"AV. ALFREDO BENAVIDES N° 2965, MIRAFLORES, LIMA, LIMA"
218,Laura Garcia Sanchez,CIRUGÍA GENERAL Y DIGESTIVA,CLinica Maison de Sante Del Este,"AV. PROLONGACIÓN ALFREDO BENAVIDES N° 5362 URB. LAS GARDENIAS, SANTIAGO DE SURCO, LIMA, LIMA"
219,Luis Paredes Lopez,FARMACIA,Clinica San Pablo Sede Surco,"AV. EL POLO N° 789, SANTIAGO DE SURCO, LIMA, LIMA"
220,Federico Rodriguez Altamirano,CARDIOLOGIA,CLinica Maison de Sante Del Este,"AV. PROLONGACIÓN ALFREDO BENAVIDES N° 5362 URB. LAS GARDENIAS, SANTIAGO DE SURCO, LIMA, LIMA"
221,Laura Garcia Sanchez,UROLOGIA,Clinica Good Hope,"AV. MALECON BALTA N° 956, MIRAFLORES, LIMA, LIMA"
222,Martin Rodriguez Diaz,OTORRINOLARIONGOLOGIA,Clinica San Pablo Sede Surco,"AV. EL POLO N° 789, SANTIAGO DE SURCO, LIMA, LIMA"
223,Federico Rodriguez Lopez,RADIODIAGNÓSTICO,CLinica Maison de Sante Del Este,"AV. PROLONGACIÓN ALFREDO BENAVIDES N° 5362 URB. LAS GARDENIAS, SANTIAGO DE SURCO, LIMA, LIMA"
224,Martin Rodriguez Diaz,MEDICINA INTERNA,Clinica Padre Luis Tezza,"AV. EL POLO N° 570, SANTIAGO DE SURCO, LIMA, LIMA"
225,Luis Diaz Yamamoto,URGENCIAS,Clinica San Pablo Sede Surco,"AV. EL POLO N° 789, SANTIAGO DE SURCO, LIMA, LIMA"
226,Federico Rodriguez Lopez,PEDIATRIA/NEONATOLOGIA,Clinica Good Hope,"AV. MALECON BALTA N° 956, MIRAFLORES, LIMA, LIMA"
227,Luis Diaz Yamamoto,ONCOLOGIA,Clinica Neuroquirugica Alvarez,"AV. ALFREDO BENAVIDES N° 2965, MIRAFLORES, LIMA, LIMA"
228,Diego Altamirano Yamamoto,NEUMOLOGIA,Clinica Los Andes,"CALLE ASUNCION N° 177, MIRAFLORES, LIMA, LIMA"
229,Federico Garcia Rodriguez,DERMATOLOGIA,CLinica Maison de Sante Del Este,"AV. PROLONGACIÓN ALFREDO BENAVIDES N° 5362 URB. LAS GARDENIAS, SANTIAGO DE SURCO, LIMA, LIMA"
230,Federico Garcia Rodriguez,FARMACIA,Clinica Padre Luis Tezza,"AV. EL POLO N° 570, SANTIAGO DE SURCO, LIMA, LIMA"
231,Federico Rodriguez Lopez,UROLOGIA,Clinica Miraflores,"AV. JOSE ANTONIO ENCINAS N° 141, MIRAFLORES, LIMA, LIMA"
232,Federico Rodriguez Lopez,CUIDADOS INTENSIVOS,Clinica Miraflores,"AV. JOSE ANTONIO ENCINAS N° 141, MIRAFLORES, LIMA, LIMA"
233,Federico Garcia Rodriguez,OFTALMOLOGIA,Clinica Miraflores,"AV. JOSE ANTONIO ENCINAS N° 141, MIRAFLORES, LIMA, LIMA"
234,Luis Diaz Yamamoto,FARMACIA,Clinica San Pablo Sede Surco,"AV. EL POLO N° 789, SANTIAGO DE SURCO, LIMA, LIMA"
235,Federico Rodriguez Lopez,CUIDADOS INTENSIVOS,Clinica Miraflores,"AV. JOSE ANTONIO ENCINAS N° 141, MIRAFLORES, LIMA, LIMA"
236,Federico Garcia Rodriguez,ONCOLOGIA,Clinica Padre Luis Tezza,"AV. EL POLO N° 570, SANTIAGO DE SURCO, LIMA, LIMA"
237,Luis Paredes Lopez,FARMACIA,Clinica San Pablo Sede Surco,"AV. EL POLO N° 789, SANTIAGO DE SURCO, LIMA, LIMA"
238,Federico Rodriguez Altamirano,RADIODIAGNÓSTICO,Clinica Miraflores,"AV. JOSE ANTONIO ENCINAS N° 141, MIRAFLORES, LIMA, LIMA"
239,Martin Rodriguez Diaz,DIGESTIVO,CLinica Maison de Sante Del Este,"AV. PROLONGACIÓN ALFREDO BENAVIDES N° 5362 URB. LAS GARDENIAS, SANTIAGO DE SURCO, LIMA, LIMA"
240,Luis Diaz Yamamoto,CIRUGÍA ORTOPEDICA Y TRAUMATOLOGIA,Clinica Neuroquirugica Alvarez,"AV. ALFREDO BENAVIDES N° 2965, MIRAFLORES, LIMA, LIMA"
241,Diego Altamirano Yamamoto,CIRUGÍA GENERAL Y DIGESTIVA,Clinica Padre Luis Tezza,"AV. EL POLO N° 570, SANTIAGO DE SURCO, LIMA, LIMA"
242,Federico Lopez Yamamoto,CUIDADOS INTENSIVOS,Clinica Los Andes,"CALLE ASUNCION N° 177, MIRAFLORES, LIMA, LIMA"
243,Laura Garcia Sanchez,GINECOLOGÍA Y OBSTETRICIA,Clinica Miraflores,"AV. JOSE ANTONIO ENCINAS N° 141, MIRAFLORES, LIMA, LIMA"
244,Federico Rodriguez Lopez,REHABILITACION,Clinica Good Hope,"AV. MALECON BALTA N° 956, MIRAFLORES, LIMA, LIMA"
245,Luis Diaz Yamamoto,URGENCIAS,Clinica Padre Luis Tezza,"AV. EL POLO N° 570, SANTIAGO DE SURCO, LIMA, LIMA"
246,Luis Paredes Lopez,LABORATORIOS CLINICOS,Clinica Good Hope,"AV. MALECON BALTA N° 956, MIRAFLORES, LIMA, LIMA"
247,Laura Garcia Sanchez,REHABILITACION,CLinica Maison de Sante Del Este,"AV. PROLONGACIÓN ALFREDO BENAVIDES N° 5362 URB. LAS GARDENIAS, SANTIAGO DE SURCO, LIMA, LIMA"
248,Federico Rodriguez Lopez,MEDICINA INTERNA,Clinica Padre Luis Tezza,"AV. EL POLO N° 570, SANTIAGO DE SURCO, LIMA, LIMA"
249,Laura Altamirano Yamamoto,MEDICINA INTERNA,CLinica Maison de Sante Del Este,"AV. PROLONGACIÓN ALFREDO BENAVIDES N° 5362 URB. LAS GARDENIAS, SANTIAGO DE SURCO, LIMA, LIMA"
250,Federico Garcia Rodriguez,CARDIOLOGIA,CLinica Maison de Sante Del Este,"AV. PROLONGACIÓN ALFREDO BENAVIDES N° 5362 URB. LAS GARDENIAS, SANTIAGO DE SURCO, LIMA, LIMA"
251,Federico Rodriguez Altamirano,HEMATOLOGIA,Clinica Los Andes,"CALLE ASUNCION N° 177, MIRAFLORES, LIMA, LIMA"
252,Federico Rodriguez Lopez,HEMATOLOGIA,Clinica Padre Luis Tezza,"AV. EL POLO N° 570, SANTIAGO DE SURCO, LIMA, LIMA"
253,Diego Altamirano Yamamoto,FARMACIA,Clinica San Pablo Sede Surco,"AV. EL POLO N° 789, SANTIAGO DE SURCO, LIMA, LIMA"
254,Federico Rodriguez Altamirano,RADIODIAGNÓSTICO,Clinica Neuroquirugica Alvarez,"AV. ALFREDO BENAVIDES N° 2965, MIRAFLORES, LIMA, LIMA"
255,Luis Diaz Yamamoto,MEDICINA PREVENTIVA,Clinica Los Andes,"CALLE ASUNCION N° 177, MIRAFLORES, LIMA, LIMA"
256,Federico Lopez Yamamoto,ONCOLOGIA,Clinica San Pablo Sede Surco,"AV. EL POLO N° 789, SANTIAGO DE SURCO, LIMA, LIMA"
257,Federico Rodriguez Lopez,CUIDADOS INTENSIVOS,Clinica Padre Luis Tezza,"AV. EL POLO N° 570, SANTIAGO DE SURCO, LIMA, LIMA"
258,Diego Altamirano Yamamoto,OFTALMOLOGIA,Clinica Padre Luis Tezza,"AV. EL POLO N° 570, SANTIAGO DE SURCO, LIMA, LIMA"
259,Federico Lopez Yamamoto,LABORATORIOS CLINICOS,Clinica Good Hope,"AV. MALECON BALTA N° 956, MIRAFLORES, LIMA, LIMA"
260,Diego Altamirano Yamamoto,HEMATOLOGIA,Clinica Neuroquirugica Alvarez,"AV. ALFREDO BENAVIDES N° 2965, MIRAFLORES, LIMA, LIMA"
261,Martin Rodriguez Diaz,NEFROLOGIA,Clinica Good Hope,"AV. MALECON BALTA N° 956, MIRAFLORES, LIMA, LIMA"
262,Luis Paredes Lopez,CARDIOLOGIA,Clinica Los Andes,"CALLE ASUNCION N° 177, MIRAFLORES, LIMA, LIMA"
263,Federico Rodriguez Lopez,ONCOLOGIA,Clinica Good Hope,"AV. MALECON BALTA N° 956, MIRAFLORES, LIMA, LIMA"
264,Federico Lopez Yamamoto,MEDICINA INTERNA,Clinica Padre Luis Tezza,"AV. EL POLO N° 570, SANTIAGO DE SURCO, LIMA, LIMA"
265,Federico Garcia Rodriguez,CARDIOLOGIA,Clinica Los Andes,"CALLE ASUNCION N° 177, MIRAFLORES, LIMA, LIMA"
266,Federico Garcia Rodriguez,CARDIOLOGIA,CLinica Maison de Sante Del Este,"AV. PROLONGACIÓN ALFREDO BENAVIDES N° 5362 URB. LAS GARDENIAS, SANTIAGO DE SURCO, LIMA, LIMA"
267,Diego Altamirano Yamamoto,CIRUGÍA ORTOPEDICA Y TRAUMATOLOGIA,Clinica Neuroquirugica Alvarez,"AV. ALFREDO BENAVIDES N° 2965, MIRAFLORES, LIMA, LIMA"
268,Martin Rodriguez Diaz,OTORRINOLARIONGOLOGIA,Clinica San Pablo Sede Surco,"AV. EL POLO N° 789, SANTIAGO DE SURCO, LIMA, LIMA"
269,Federico Garcia Rodriguez,RADIODIAGNÓSTICO,Clinica Los Andes,"CALLE ASUNCION N° 177, MIRAFLORES, LIMA, LIMA"
270,Diego Altamirano Yamamoto,UROLOGIA,Clinica Good Hope,"AV. MALECON BALTA N° 956, MIRAFLORES, LIMA, LIMA"
271,Diego Altamirano Yamamoto,DIGESTIVO,Clinica San Pablo Sede Surco,"AV. EL POLO N° 789, SANTIAGO DE SURCO, LIMA, LIMA"
272,Federico Lopez Yamamoto,PEDIATRIA/NEONATOLOGIA,Clinica Padre Luis Tezza,"AV. EL POLO N° 570, SANTIAGO DE SURCO, LIMA, LIMA"
273,Luis Paredes Lopez,FARMACIA,Clinica San Pablo Sede Surco,"AV. EL POLO N° 789, SANTIAGO DE SURCO, LIMA, LIMA"
274,Federico Garcia Rodriguez,REHABILITACION,Clinica Miraflores,"AV. JOSE ANTONIO ENCINAS N° 141, MIRAFLORES, LIMA, LIMA"
275,Martin Rodriguez Diaz,HEMATOLOGIA,Clinica Miraflores,"AV. JOSE ANTONIO ENCINAS N° 141, MIRAFLORES, LIMA, LIMA"
276,Federico Garcia Rodriguez,NEFROLOGIA,Clinica Good Hope,"AV. MALECON BALTA N° 956, MIRAFLORES, LIMA, LIMA"
277,Laura Altamirano Yamamoto,CIRUGÍA GENERAL Y DIGESTIVA,Clinica San Pablo Sede Surco,"AV. EL POLO N° 789, SANTIAGO DE SURCO, LIMA, LIMA"
278,Laura Altamirano Yamamoto,CIRUGÍA ORTOPEDICA Y TRAUMATOLOGIA,Clinica Neuroquirugica Alvarez,"AV. ALFREDO BENAVIDES N° 2965, MIRAFLORES, LIMA, LIMA"
279,Luis Diaz Yamamoto,ONCOLOGIA,Clinica Padre Luis Tezza,"AV. EL POLO N° 570, SANTIAGO DE SURCO, LIMA, LIMA"
280,Luis Diaz Yamamoto,NEUMOLOGIA,CLinica Maison de Sante Del Este,"AV. PROLONGACIÓN ALFREDO BENAVIDES N° 5362 URB. LAS GARDENIAS, SANTIAGO DE SURCO, LIMA, LIMA"
281,Federico Rodriguez Lopez,MEDICINA PREVENTIVA,CLinica Maison de Sante Del Este,"AV. PROLONGACIÓN ALFREDO BENAVIDES N° 5362 URB. LAS GARDENIAS, SANTIAGO DE SURCO, LIMA, LIMA"
282,Federico Rodriguez Altamirano,CARDIOLOGIA,Clinica Padre Luis Tezza,"AV. EL POLO N° 570, SANTIAGO DE SURCO, LIMA, LIMA"
283,Diego Altamirano Yamamoto,LABORATORIOS CLINICOS,Clinica Los Andes,"CALLE ASUNCION N° 177, MIRAFLORES, LIMA, LIMA"
284,Luis Diaz Yamamoto,CIRUGÍA ORTOPEDICA Y TRAUMATOLOGIA,CLinica Maison de Sante Del Este,"AV. PROLONGACIÓN ALFREDO BENAVIDES N° 5362 URB. LAS GARDENIAS, SANTIAGO DE SURCO, LIMA, LIMA"
285,Federico Garcia Rodriguez,OTORRINOLARIONGOLOGIA,Clinica Los Andes,"CALLE ASUNCION N° 177, MIRAFLORES, LIMA, LIMA"
286,Federico Rodriguez Lopez,RADIODIAGNÓSTICO,Clinica San Pablo Sede Surco,"AV. EL POLO N° 789, SANTIAGO DE SURCO, LIMA, LIMA"
287,Laura Garcia Sanchez,URGENCIAS,Clinica Good Hope,"AV. MALECON BALTA N° 956, MIRAFLORES, LIMA, LIMA"
288,Federico Rodriguez Altamirano,DIGESTIVO,Clinica San Pablo Sede Surco,"AV. EL POLO N° 789, SANTIAGO DE SURCO, LIMA, LIMA"
289,Diego Altamirano Yamamoto,CARDIOLOGIA,Clinica Los Andes,"CALLE ASUNCION N° 177, MIRAFLORES, LIMA, LIMA"
290,Laura Garcia Sanchez,HEMATOLOGIA,Clinica Miraflores,"AV. JOSE ANTONIO ENCINAS N° 141, MIRAFLORES, LIMA, LIMA"
291,Federico Lopez Yamamoto,GINECOLOGÍA Y OBSTETRICIA,Clinica Good Hope,"AV. MALECON BALTA N° 956, MIRAFLORES, LIMA, LIMA"
292,Federico Lopez Yamamoto,UROLOGIA,Clinica Good Hope,"AV. MALECON BALTA N° 956, MIRAFLORES, LIMA, LIMA"
293,Luis Paredes Lopez,MEDICINA PREVENTIVA,Clinica Miraflores,"AV. JOSE ANTONIO ENCINAS N° 141, MIRAFLORES, LIMA, LIMA"
294,Federico Garcia Rodriguez,MEDICINA PREVENTIVA,Clinica Los Andes,"CALLE ASUNCION N° 177, MIRAFLORES, LIMA, LIMA"
295,Diego Altamirano Yamamoto,NEFROLOGIA,Clinica Neuroquirugica Alvarez,"AV. ALFREDO BENAVIDES N° 2965, MIRAFLORES, LIMA, LIMA"
296,Luis Paredes Lopez,FARMACIA,Clinica Neuroquirugica Alvarez,"AV. ALFREDO BENAVIDES N° 2965, MIRAFLORES, LIMA, LIMA"
297,Laura Garcia Sanchez,MEDICINA PREVENTIVA,Clinica Good Hope,"AV. MALECON BALTA N° 956, MIRAFLORES, LIMA, LIMA"
298,Federico Lopez Yamamoto,GINECOLOGÍA Y OBSTETRICIA,Clinica Padre Luis Tezza,"AV. EL POLO N° 570, SANTIAGO DE SURCO, LIMA, LIMA"
299,Federico Lopez Yamamoto,HEMATOLOGIA,CLinica Maison de Sante Del Este,"AV. PROLONGACIÓN ALFREDO BENAVIDES N° 5362 URB. LAS GARDENIAS, SANTIAGO DE SURCO, LIMA, LIMA"
300,Diego Altamirano Yamamoto,DIGESTIVO,Clinica Neuroquirugica Alvarez,"AV. ALFREDO BENAVIDES N° 2965, MIRAFLORES, LIMA, LIMA"
301,Federico Rodriguez Lopez,CARDIOLOGIA,Clinica Los Andes,"CALLE ASUNCION N° 177, MIRAFLORES, LIMA, LIMA"
302,Federico Garcia Rodriguez,ANESTESIOLOGIA,Clinica San Pablo Sede Surco,"AV. EL POLO N° 789, SANTIAGO DE SURCO, LIMA, LIMA"
303,Federico Lopez Yamamoto,LABORATORIOS CLINICOS,CLinica Maison de Sante Del Este,"AV. PROLONGACIÓN ALFREDO BENAVIDES N° 5362 URB. LAS GARDENIAS, SANTIAGO DE SURCO, LIMA, LIMA"
304,Federico Garcia Rodriguez,ONCOLOGIA,Clinica Miraflores,"AV. JOSE ANTONIO ENCINAS N° 141, MIRAFLORES, LIMA, LIMA"
305,Diego Altamirano Yamamoto,UROLOGIA,Clinica Padre Luis Tezza,"AV. EL POLO N° 570, SANTIAGO DE SURCO, LIMA, LIMA"
306,Federico Garcia Rodriguez,UROLOGIA,Clinica Neuroquirugica Alvarez,"AV. ALFREDO BENAVIDES N° 2965, MIRAFLORES, LIMA, LIMA"
307,Laura Altamirano Yamamoto,LABORATORIOS CLINICOS,Clinica Padre Luis Tezza,"AV. EL POLO N° 570, SANTIAGO DE SURCO, LIMA, LIMA"
308,Diego Altamirano Yamamoto,REHABILITACION,Clinica Los Andes,"CALLE ASUNCION N° 177, MIRAFLORES, LIMA, LIMA"
309,Luis Diaz Yamamoto,MEDICINA INTERNA,Clinica Miraflores,"AV. JOSE ANTONIO ENCINAS N° 141, MIRAFLORES, LIMA, LIMA"
310,Luis Paredes Lopez,DERMATOLOGIA,Clinica Los Andes,"CALLE ASUNCION N° 177, MIRAFLORES, LIMA, LIMA"
311,Federico Rodriguez Altamirano,ANESTESIOLOGIA,CLinica Maison de Sante Del Este,"AV. PROLONGACIÓN ALFREDO BENAVIDES N° 5362 URB. LAS GARDENIAS, SANTIAGO DE SURCO, LIMA, LIMA"
312,Federico Rodriguez Altamirano,MEDICINA INTERNA,Clinica San Pablo Sede Surco,"AV. EL POLO N° 789, SANTIAGO DE SURCO, LIMA, LIMA"
313,Federico Rodriguez Lopez,OFTALMOLOGIA,Clinica Los Andes,"CALLE ASUNCION N° 177, MIRAFLORES, LIMA, LIMA"
314,Federico Rodriguez Altamirano,CIRUGÍA GENERAL Y DIGESTIVA,Clinica Miraflores,"AV. JOSE ANTONIO ENCINAS N° 141, MIRAFLORES, LIMA, LIMA"
315,Federico Garcia Rodriguez,DERMATOLOGIA,Clinica Good Hope,"AV. MALECON BALTA N° 956, MIRAFLORES, LIMA, LIMA"
316,Federico Garcia Rodriguez,UROLOGIA,Clinica Padre Luis Tezza,"AV. EL POLO N° 570, SANTIAGO DE SURCO, LIMA, LIMA"
317,Luis Paredes Lopez,CIRUGÍA GENERAL Y DIGESTIVA,Clinica Miraflores,"AV. JOSE ANTONIO ENCINAS N° 141, MIRAFLORES, LIMA, LIMA"
318,Federico Garcia Rodriguez,NEUMOLOGIA,Clinica Miraflores,"AV. JOSE ANTONIO ENCINAS N° 141, MIRAFLORES, LIMA, LIMA"
319,Martin Rodriguez Diaz,FARMACIA,Clinica Miraflores,"AV. JOSE ANTONIO ENCINAS N° 141, MIRAFLORES, LIMA, LIMA"
320,Federico Rodriguez Altamirano,DIGESTIVO,Clinica Good Hope,"AV. MALECON BALTA N° 956, MIRAFLORES, LIMA, LIMA"
321,Martin Rodriguez Diaz,ANESTESIOLOGIA,Clinica Neuroquirugica Alvarez,"AV. ALFREDO BENAVIDES N° 2965, MIRAFLORES, LIMA, LIMA"
322,Federico Rodriguez Altamirano,RADIODIAGNÓSTICO,Clinica San Pablo Sede Surco,"AV. EL POLO N° 789, SANTIAGO DE SURCO, LIMA, LIMA"
323,Laura Altamirano Yamamoto,NEFROLOGIA,Clinica Los Andes,"CALLE ASUNCION N° 177, MIRAFLORES, LIMA, LIMA"
324,Federico Rodriguez Altamirano,RADIODIAGNÓSTICO,Clinica San Pablo Sede Surco,"AV. EL POLO N° 789, SANTIAGO DE SURCO, LIMA, LIMA"
325,Laura Garcia Sanchez,CUIDADOS INTENSIVOS,Clinica San Pablo Sede Surco,"AV. EL POLO N° 789, SANTIAGO DE SURCO, LIMA, LIMA"
326,Martin Rodriguez Diaz,ONCOLOGIA,Clinica Good Hope,"AV. MALECON BALTA N° 956, MIRAFLORES, LIMA, LIMA"
327,Federico Rodriguez Altamirano,UROLOGIA,Clinica Miraflores,"AV. JOSE ANTONIO ENCINAS N° 141, MIRAFLORES, LIMA, LIMA"
328,Federico Garcia Rodriguez,FARMACIA,Clinica Good Hope,"AV. MALECON BALTA N° 956, MIRAFLORES, LIMA, LIMA"
329,Luis Paredes Lopez,CUIDADOS INTENSIVOS,Clinica Padre Luis Tezza,"AV. EL POLO N° 570, SANTIAGO DE SURCO, LIMA, LIMA"
330,Federico Garcia Rodriguez,UROLOGIA,Clinica Neuroquirugica Alvarez,"AV. ALFREDO BENAVIDES N° 2965, MIRAFLORES, LIMA, LIMA"
331,Luis Paredes Lopez,CARDIOLOGIA,Clinica Miraflores,"AV. JOSE ANTONIO ENCINAS N° 141, MIRAFLORES, LIMA, LIMA"
332,Federico Rodriguez Lopez,LABORATORIOS CLINICOS,Clinica Neuroquirugica Alvarez,"AV. ALFREDO BENAVIDES N° 2965, MIRAFLORES, LIMA, LIMA"
333,Federico Rodriguez Lopez,HEMATOLOGIA,Clinica Neuroquirugica Alvarez,"AV. ALFREDO BENAVIDES N° 2965, MIRAFLORES, LIMA, LIMA"
334,Luis Diaz Yamamoto,ONCOLOGIA,Clinica Neuroquirugica Alvarez,"AV. ALFREDO BENAVIDES N° 2965, MIRAFLORES, LIMA, LIMA"
335,Laura Garcia Sanchez,ANESTESIOLOGIA,Clinica Neuroquirugica Alvarez,"AV. ALFREDO BENAVIDES N° 2965, MIRAFLORES, LIMA, LIMA"
336,Diego Altamirano Yamamoto,ONCOLOGIA,Clinica Los Andes,"CALLE ASUNCION N° 177, MIRAFLORES, LIMA, LIMA"
337,Federico Garcia Rodriguez,NEFROLOGIA,Clinica Neuroquirugica Alvarez,"AV. ALFREDO BENAVIDES N° 2965, MIRAFLORES, LIMA, LIMA"
338,Laura Altamirano Yamamoto,ANESTESIOLOGIA,Clinica Neuroquirugica Alvarez,"AV. ALFREDO BENAVIDES N° 2965, MIRAFLORES, LIMA, LIMA"
339,Federico Lopez Yamamoto,CUIDADOS INTENSIVOS,Clinica Miraflores,"AV. JOSE ANTONIO ENCINAS N° 141, MIRAFLORES, LIMA, LIMA"
340,Luis Paredes Lopez,MEDICINA PREVENTIVA,Clinica San Pablo Sede Surco,"AV. EL POLO N° 789, SANTIAGO DE SURCO, LIMA, LIMA"
341,Laura Garcia Sanchez,ANESTESIOLOGIA,Clinica Padre Luis Tezza,"AV. EL POLO N° 570, SANTIAGO DE SURCO, LIMA, LIMA"
342,Luis Diaz Yamamoto,OFTALMOLOGIA,Clinica Padre Luis Tezza,"AV. EL POLO N° 570, SANTIAGO DE SURCO, LIMA, LIMA"
343,Luis Paredes Lopez,OTORRINOLARIONGOLOGIA,Clinica Padre Luis Tezza,"AV. EL POLO N° 570, SANTIAGO DE SURCO, LIMA, LIMA"
344,Federico Rodriguez Altamirano,CIRUGÍA GENERAL Y DIGESTIVA,Clinica Los Andes,"CALLE ASUNCION N° 177, MIRAFLORES, LIMA, LIMA"
345,Federico Garcia Rodriguez,ONCOLOGIA,Clinica San Pablo Sede Surco,"AV. EL POLO N° 789, SANTIAGO DE SURCO, LIMA, LIMA"
346,Federico Lopez Yamamoto,HEMATOLOGIA,Clinica Neuroquirugica Alvarez,"AV. ALFREDO BENAVIDES N° 2965, MIRAFLORES, LIMA, LIMA"
347,Federico Garcia Rodriguez,RADIODIAGNÓSTICO,Clinica Padre Luis Tezza,"AV. EL POLO N° 570, SANTIAGO DE SURCO, LIMA, LIMA"
348,Federico Lopez Yamamoto,CUIDADOS INTENSIVOS,Clinica Los Andes,"CALLE ASUNCION N° 177, MIRAFLORES, LIMA, LIMA"
349,Martin Rodriguez Diaz,MEDICINA INTERNA,Clinica Los Andes,"CALLE ASUNCION N° 177, MIRAFLORES, LIMA, LIMA"
350,Luis Diaz Yamamoto,ANESTESIOLOGIA,Clinica San Pablo Sede Surco,"AV. EL POLO N° 789, SANTIAGO DE SURCO, LIMA, LIMA"
351,Laura Altamirano Yamamoto,PEDIATRIA/NEONATOLOGIA,Clinica Padre Luis Tezza,"AV. EL POLO N° 570, SANTIAGO DE SURCO, LIMA, LIMA"
352,Federico Lopez Yamamoto,REHABILITACION,Clinica Good Hope,"AV. MALECON BALTA N° 956, MIRAFLORES, LIMA, LIMA"
353,Federico Garcia Rodriguez,GINECOLOGÍA Y OBSTETRICIA,Clinica Good Hope,"AV. MALECON BALTA N° 956, MIRAFLORES, LIMA, LIMA"
354,Luis Diaz Yamamoto,MEDICINA PREVENTIVA,Clinica Good Hope,"AV. MALECON BALTA N° 956, MIRAFLORES, LIMA, LIMA"
355,Diego Altamirano Yamamoto,UROLOGIA,Clinica Good Hope,"AV. MALECON BALTA N° 956, MIRAFLORES, LIMA, LIMA"
356,Luis Paredes Lopez,DERMATOLOGIA,Clinica Miraflores,"AV. JOSE ANTONIO ENCINAS N° 141, MIRAFLORES, LIMA, LIMA"
357,Federico Rodriguez Lopez,MEDICINA PREVENTIVA,Clinica San Pablo Sede Surco,"AV. EL POLO N° 789, SANTIAGO DE SURCO, LIMA, LIMA"
358,Martin Rodriguez Diaz,OFTALMOLOGIA,CLinica Maison de Sante Del Este,"AV. PROLONGACIÓN ALFREDO BENAVIDES N° 5362 URB. LAS GARDENIAS, SANTIAGO DE SURCO, LIMA, LIMA"
359,Laura Garcia Sanchez,NEFROLOGIA,Clinica Neuroquirugica Alvarez,"AV. ALFREDO BENAVIDES N° 2965, MIRAFLORES, LIMA, LIMA"
360,Martin Rodriguez Diaz,DERMATOLOGIA,Clinica Neuroquirugica Alvarez,"AV. ALFREDO BENAVIDES N° 2965, MIRAFLORES, LIMA, LIMA"
361,Laura Garcia Sanchez,CIRUGÍA ORTOPEDICA Y TRAUMATOLOGIA,Clinica Los Andes,"CALLE ASUNCION N° 177, MIRAFLORES, LIMA, LIMA"
362,Federico Rodriguez Lopez,NEFROLOGIA,Clinica Los Andes,"CALLE ASUNCION N° 177, MIRAFLORES, LIMA, LIMA"
363,Laura Garcia Sanchez,DIGESTIVO,Clinica Padre Luis Tezza,"AV. EL POLO N° 570, SANTIAGO DE SURCO, LIMA, LIMA"
364,Diego Altamirano Yamamoto,ANESTESIOLOGIA,Clinica Neuroquirugica Alvarez,"AV. ALFREDO BENAVIDES N° 2965, MIRAFLORES, LIMA, LIMA"
365,Federico Rodriguez Altamirano,CUIDADOS INTENSIVOS,Clinica Miraflores,"AV. JOSE ANTONIO ENCINAS N° 141, MIRAFLORES, LIMA, LIMA"
366,Federico Rodriguez Altamirano,CIRUGÍA ORTOPEDICA Y TRAUMATOLOGIA,CLinica Maison de Sante Del Este,"AV. PROLONGACIÓN ALFREDO BENAVIDES N° 5362 URB. LAS GARDENIAS, SANTIAGO DE SURCO, LIMA, LIMA"
367,Federico Rodriguez Lopez,OTORRINOLARIONGOLOGIA,Clinica Good Hope,"AV. MALECON BALTA N° 956, MIRAFLORES, LIMA, LIMA"
368,Diego Altamirano Yamamoto,CARDIOLOGIA,Clinica San Pablo Sede Surco,"AV. EL POLO N° 789, SANTIAGO DE SURCO, LIMA, LIMA"
369,Federico Lopez Yamamoto,CUIDADOS INTENSIVOS,Clinica San Pablo Sede Surco,"AV. EL POLO N° 789, SANTIAGO DE SURCO, LIMA, LIMA"
370,Martin Rodriguez Diaz,NEFROLOGIA,Clinica San Pablo Sede Surco,"AV. EL POLO N° 789, SANTIAGO DE SURCO, LIMA, LIMA"
371,Laura Altamirano Yamamoto,URGENCIAS,CLinica Maison de Sante Del Este,"AV. PROLONGACIÓN ALFREDO BENAVIDES N° 5362 URB. LAS GARDENIAS, SANTIAGO DE SURCO, LIMA, LIMA"
372,Federico Rodriguez Altamirano,ONCOLOGIA,CLinica Maison de Sante Del Este,"AV. PROLONGACIÓN ALFREDO BENAVIDES N° 5362 URB. LAS GARDENIAS, SANTIAGO DE SURCO, LIMA, LIMA"
373,Federico Lopez Yamamoto,CUIDADOS INTENSIVOS,Clinica Good Hope,"AV. MALECON BALTA N° 956, MIRAFLORES, LIMA, LIMA"
374,Luis Diaz Yamamoto,HEMATOLOGIA,Clinica Padre Luis Tezza,"AV. EL POLO N° 570, SANTIAGO DE SURCO, LIMA, LIMA"
375,Martin Rodriguez Diaz,UROLOGIA,Clinica Los Andes,"CALLE ASUNCION N° 177, MIRAFLORES, LIMA, LIMA"
376,Federico Rodriguez Lopez,REHABILITACION,Clinica Los Andes,"CALLE ASUNCION N° 177, MIRAFLORES, LIMA, LIMA"
377,Laura Garcia Sanchez,OTORRINOLARIONGOLOGIA,Clinica Los Andes,"CALLE ASUNCION N° 177, MIRAFLORES, LIMA, LIMA"
378,Laura Altamirano Yamamoto,ANESTESIOLOGIA,Clinica Padre Luis Tezza,"AV. EL POLO N° 570, SANTIAGO DE SURCO, LIMA, LIMA"
379,Federico Garcia Rodriguez,OTORRINOLARIONGOLOGIA,Clinica Good Hope,"AV. MALECON BALTA N° 956, MIRAFLORES, LIMA, LIMA"
380,Laura Altamirano Yamamoto,OTORRINOLARIONGOLOGIA,Clinica Los Andes,"CALLE ASUNCION N° 177, MIRAFLORES, LIMA, LIMA"
381,Luis Paredes Lopez,NEUMOLOGIA,Clinica Neuroquirugica Alvarez,"AV. ALFREDO BENAVIDES N° 2965, MIRAFLORES, LIMA, LIMA"
382,Luis Diaz Yamamoto,NEFROLOGIA,Clinica Padre Luis Tezza,"AV. EL POLO N° 570, SANTIAGO DE SURCO, LIMA, LIMA"
383,Diego Altamirano Yamamoto,NEFROLOGIA,Clinica Miraflores,"AV. JOSE ANTONIO ENCINAS N° 141, MIRAFLORES, LIMA, LIMA"
384,Martin Rodriguez Diaz,UROLOGIA,Clinica Neuroquirugica Alvarez,"AV. ALFREDO BENAVIDES N° 2965, MIRAFLORES, LIMA, LIMA"
385,Diego Altamirano Yamamoto,NEFROLOGIA,Clinica Los Andes,"CALLE ASUNCION N° 177, MIRAFLORES, LIMA, LIMA"
386,Laura Altamirano Yamamoto,CIRUGÍA ORTOPEDICA Y TRAUMATOLOGIA,Clinica Miraflores,"AV. JOSE ANTONIO ENCINAS N° 141, MIRAFLORES, LIMA, LIMA"
387,Federico Rodriguez Lopez,PEDIATRIA/NEONATOLOGIA,Clinica Neuroquirugica Alvarez,"AV. ALFREDO BENAVIDES N° 2965, MIRAFLORES, LIMA, LIMA"
388,Laura Altamirano Yamamoto,CIRUGÍA ORTOPEDICA Y TRAUMATOLOGIA,CLinica Maison de Sante Del Este,"AV. PROLONGACIÓN ALFREDO BENAVIDES N° 5362 URB. LAS GARDENIAS, SANTIAGO DE SURCO, LIMA, LIMA"
389,Federico Lopez Yamamoto,CIRUGÍA GENERAL Y DIGESTIVA,Clinica Padre Luis Tezza,"AV. EL POLO N° 570, SANTIAGO DE SURCO, LIMA, LIMA"
390,Luis Paredes Lopez,REHABILITACION,Clinica Padre Luis Tezza,"AV. EL POLO N° 570, SANTIAGO DE SURCO, LIMA, LIMA"
391,Federico Lopez Yamamoto,CARDIOLOGIA,Clinica Padre Luis Tezza,"AV. EL POLO N° 570, SANTIAGO DE SURCO, LIMA, LIMA"
392,Luis Paredes Lopez,DIGESTIVO,Clinica Miraflores,"AV. JOSE ANTONIO ENCINAS N° 141, MIRAFLORES, LIMA, LIMA"
393,Luis Paredes Lopez,DIGESTIVO,Clinica Good Hope,"AV. MALECON BALTA N° 956, MIRAFLORES, LIMA, LIMA"
394,Federico Rodriguez Lopez,URGENCIAS,Clinica Miraflores,"AV. JOSE ANTONIO ENCINAS N° 141, MIRAFLORES, LIMA, LIMA"
395,Federico Rodriguez Lopez,RADIODIAGNÓSTICO,Clinica Los Andes,"CALLE ASUNCION N° 177, MIRAFLORES, LIMA, LIMA"
396,Diego Altamirano Yamamoto,UROLOGIA,Clinica Good Hope,"AV. MALECON BALTA N° 956, MIRAFLORES, LIMA, LIMA"
397,Luis Diaz Yamamoto,NEUMOLOGIA,Clinica Los Andes,"CALLE ASUNCION N° 177, MIRAFLORES, LIMA, LIMA"
398,Federico Rodriguez Lopez,CIRUGÍA GENERAL Y DIGESTIVA,Clinica Padre Luis Tezza,"AV. EL POLO N° 570, SANTIAGO DE SURCO, LIMA, LIMA"
399,Laura Altamirano Yamamoto,UROLOGIA,CLinica Maison de Sante Del Este,"AV. PROLONGACIÓN ALFREDO BENAVIDES N° 5362 URB. LAS GARDENIAS, SANTIAGO DE SURCO, LIMA, LIMA"
400,Federico Rodriguez Altamirano,CIRUGÍA ORTOPEDICA Y TRAUMATOLOGIA,Clinica Neuroquirugica Alvarez,"AV. ALFREDO BENAVIDES N° 2965, MIRAFLORES, LIMA, LIMA"
401,Federico Lopez Yamamoto,HEMATOLOGIA,Clinica San Pablo Sede Surco,"AV. EL POLO N° 789, SANTIAGO DE SURCO, LIMA, LIMA"
402,Federico Rodriguez Lopez,CARDIOLOGIA,Clinica San Pablo Sede Surco,"AV. EL POLO N° 789, SANTIAGO DE SURCO, LIMA, LIMA"
403,Laura Altamirano Yamamoto,OFTALMOLOGIA,Clinica Padre Luis Tezza,"AV. EL POLO N° 570, SANTIAGO DE SURCO, LIMA, LIMA"
404,Federico Garcia Rodriguez,RADIODIAGNÓSTICO,Clinica Good Hope,"AV. MALECON BALTA N° 956, MIRAFLORES, LIMA, LIMA"
405,Laura Garcia Sanchez,OTORRINOLARIONGOLOGIA,CLinica Maison de Sante Del Este,"AV. PROLONGACIÓN ALFREDO BENAVIDES N° 5362 URB. LAS GARDENIAS, SANTIAGO DE SURCO, LIMA, LIMA"
406,Federico Garcia Rodriguez,CARDIOLOGIA,Clinica Neuroquirugica Alvarez,"AV. ALFREDO BENAVIDES N° 2965, MIRAFLORES, LIMA, LIMA"
407,Laura Altamirano Yamamoto,GINECOLOGÍA Y OBSTETRICIA,CLinica Maison de Sante Del Este,"AV. PROLONGACIÓN ALFREDO BENAVIDES N° 5362 URB. LAS GARDENIAS, SANTIAGO DE SURCO, LIMA, LIMA"
408,Federico Lopez Yamamoto,UROLOGIA,Clinica Los Andes,"CALLE ASUNCION N° 177, MIRAFLORES, LIMA, LIMA"
409,Luis Paredes Lopez,FARMACIA,Clinica Los Andes,"CALLE ASUNCION N° 177, MIRAFLORES, LIMA, LIMA"
410,Laura Garcia Sanchez,CIRUGÍA ORTOPEDICA Y TRAUMATOLOGIA,Clinica Los Andes,"CALLE ASUNCION N° 177, MIRAFLORES, LIMA, LIMA"
411,Federico Rodriguez Altamirano,RADIODIAGNÓSTICO,Clinica San Pablo Sede Surco,"AV. EL POLO N° 789, SANTIAGO DE SURCO, LIMA, LIMA"
412,Federico Rodriguez Altamirano,OFTALMOLOGIA,Clinica Padre Luis Tezza,"AV. EL POLO N° 570, SANTIAGO DE SURCO, LIMA, LIMA"
413,Laura Altamirano Yamamoto,CIRUGÍA ORTOPEDICA Y TRAUMATOLOGIA,Clinica Neuroquirugica Alvarez,"AV. ALFREDO BENAVIDES N° 2965, MIRAFLORES, LIMA, LIMA"
414,Laura Altamirano Yamamoto,ONCOLOGIA,Clinica Neuroquirugica Alvarez,"AV. ALFREDO BENAVIDES N° 2965, MIRAFLORES, LIMA, LIMA"
415,Luis Paredes Lopez,CARDIOLOGIA,CLinica Maison de Sante Del Este,"AV. PROLONGACIÓN ALFREDO BENAVIDES N° 5362 URB. LAS GARDENIAS, SANTIAGO DE SURCO, LIMA, LIMA"
416,Federico Rodriguez Lopez,HEMATOLOGIA,Clinica Padre Luis Tezza,"AV. EL POLO N° 570, SANTIAGO DE SURCO, LIMA, LIMA"
417,Luis Paredes Lopez,CUIDADOS INTENSIVOS,Clinica Good Hope,"AV. MALECON BALTA N° 956, MIRAFLORES, LIMA, LIMA"
418,Federico Rodriguez Lopez,GINECOLOGÍA Y OBSTETRICIA,Clinica Neuroquirugica Alvarez,"AV. ALFREDO BENAVIDES N° 2965, MIRAFLORES, LIMA, LIMA"
419,Luis Diaz Yamamoto,RADIODIAGNÓSTICO,CLinica Maison de Sante Del Este,"AV. PROLONGACIÓN ALFREDO BENAVIDES N° 5362 URB. LAS GARDENIAS, SANTIAGO DE SURCO, LIMA, LIMA"
420,Federico Rodriguez Lopez,PEDIATRIA/NEONATOLOGIA,Clinica Los Andes,"CALLE ASUNCION N° 177, MIRAFLORES, LIMA, LIMA"
421,Martin Rodriguez Diaz,ONCOLOGIA,Clinica San Pablo Sede Surco,"AV. EL POLO N° 789, SANTIAGO DE SURCO, LIMA, LIMA"
422,Diego Altamirano Yamamoto,MEDICINA PREVENTIVA,Clinica Good Hope,"AV. MALECON BALTA N° 956, MIRAFLORES, LIMA, LIMA"
423,Laura Garcia Sanchez,HEMATOLOGIA,Clinica Padre Luis Tezza,"AV. EL POLO N° 570, SANTIAGO DE SURCO, LIMA, LIMA"
424,Laura Garcia Sanchez,HEMATOLOGIA,Clinica Neuroquirugica Alvarez,"AV. ALFREDO BENAVIDES N° 2965, MIRAFLORES, LIMA, LIMA"
425,Luis Paredes Lopez,GINECOLOGÍA Y OBSTETRICIA,Clinica Good Hope,"AV. MALECON BALTA N° 956, MIRAFLORES, LIMA, LIMA"
426,Martin Rodriguez Diaz,CIRUGÍA GENERAL Y DIGESTIVA,Clinica Miraflores,"AV. JOSE ANTONIO ENCINAS N° 141, MIRAFLORES, LIMA, LIMA"
427,Martin Rodriguez Diaz,NEFROLOGIA,Clinica San Pablo Sede Surco,"AV. EL POLO N° 789, SANTIAGO DE SURCO, LIMA, LIMA"
428,Laura Altamirano Yamamoto,DIGESTIVO,Clinica Miraflores,"AV. JOSE ANTONIO ENCINAS N° 141, MIRAFLORES, LIMA, LIMA"
429,Laura Garcia Sanchez,FARMACIA,CLinica Maison de Sante Del Este,"AV. PROLONGACIÓN ALFREDO BENAVIDES N° 5362 URB. LAS GARDENIAS, SANTIAGO DE SURCO, LIMA, LIMA"
430,Luis Diaz Yamamoto,ANESTESIOLOGIA,Clinica Miraflores,"AV. JOSE ANTONIO ENCINAS N° 141, MIRAFLORES, LIMA, LIMA"
431,Luis Diaz Yamamoto,GINECOLOGÍA Y OBSTETRICIA,Clinica Miraflores,"AV. JOSE ANTONIO ENCINAS N° 141, MIRAFLORES, LIMA, LIMA"
432,Martin Rodriguez Diaz,ANESTESIOLOGIA,Clinica Miraflores,"AV. JOSE ANTONIO ENCINAS N° 141, MIRAFLORES, LIMA, LIMA"
433,Luis Diaz Yamamoto,DIGESTIVO,Clinica Good Hope,"AV. MALECON BALTA N° 956, MIRAFLORES, LIMA, LIMA"
434,Federico Rodriguez Altamirano,ANESTESIOLOGIA,Clinica Padre Luis Tezza,"AV. EL POLO N° 570, SANTIAGO DE SURCO, LIMA, LIMA"
435,Luis Diaz Yamamoto,CARDIOLOGIA,CLinica Maison de Sante Del Este,"AV. PROLONGACIÓN ALFREDO BENAVIDES N° 5362 URB. LAS GARDENIAS, SANTIAGO DE SURCO, LIMA, LIMA"
436,Luis Diaz Yamamoto,FARMACIA,CLinica Maison de Sante Del Este,"AV. PROLONGACIÓN ALFREDO BENAVIDES N° 5362 URB. LAS GARDENIAS, SANTIAGO DE SURCO, LIMA, LIMA"
437,Laura Garcia Sanchez,ONCOLOGIA,CLinica Maison de Sante Del Este,"AV. PROLONGACIÓN ALFREDO BENAVIDES N° 5362 URB. LAS GARDENIAS, SANTIAGO DE SURCO, LIMA, LIMA"
438,Laura Altamirano Yamamoto,NEUMOLOGIA,Clinica Miraflores,"AV. JOSE ANTONIO ENCINAS N° 141, MIRAFLORES, LIMA, LIMA"
439,Martin Rodriguez Diaz,MEDICINA PREVENTIVA,CLinica Maison de Sante Del Este,"AV. PROLONGACIÓN ALFREDO BENAVIDES N° 5362 URB. LAS GARDENIAS, SANTIAGO DE SURCO, LIMA, LIMA"
440,Diego Altamirano Yamamoto,FARMACIA,Clinica San Pablo Sede Surco,"AV. EL POLO N° 789, SANTIAGO DE SURCO, LIMA, LIMA"
441,Laura Altamirano Yamamoto,NEUMOLOGIA,Clinica Neuroquirugica Alvarez,"AV. ALFREDO BENAVIDES N° 2965, MIRAFLORES, LIMA, LIMA"
442,Federico Rodriguez Lopez,REHABILITACION,Clinica Padre Luis Tezza,"AV. EL POLO N° 570, SANTIAGO DE SURCO, LIMA, LIMA"
443,Laura Altamirano Yamamoto,URGENCIAS,Clinica Miraflores,"AV. JOSE ANTONIO ENCINAS N° 141, MIRAFLORES, LIMA, LIMA"
444,Laura Altamirano Yamamoto,CUIDADOS INTENSIVOS,CLinica Maison de Sante Del Este,"AV. PROLONGACIÓN ALFREDO BENAVIDES N° 5362 URB. LAS GARDENIAS, SANTIAGO DE SURCO, LIMA, LIMA"
445,Federico Rodriguez Altamirano,ANESTESIOLOGIA,CLinica Maison de Sante Del Este,"AV. PROLONGACIÓN ALFREDO BENAVIDES N° 5362 URB. LAS GARDENIAS, SANTIAGO DE SURCO, LIMA, LIMA"
446,Federico Lopez Yamamoto,MEDICINA PREVENTIVA,Clinica Padre Luis Tezza,"AV. EL POLO N° 570, SANTIAGO DE SURCO, LIMA, LIMA"
447,Federico Rodriguez Altamirano,GINECOLOGÍA Y OBSTETRICIA,Clinica Miraflores,"AV. JOSE ANTONIO ENCINAS N° 141, MIRAFLORES, LIMA, LIMA"
448,Federico Garcia Rodriguez,UROLOGIA,Clinica San Pablo Sede Surco,"AV. EL POLO N° 789, SANTIAGO DE SURCO, LIMA, LIMA"
449,Federico Rodriguez Altamirano,NEUMOLOGIA,Clinica Miraflores,"AV. JOSE ANTONIO ENCINAS N° 141, MIRAFLORES, LIMA, LIMA"
450,Luis Diaz Yamamoto,UROLOGIA,Clinica Good Hope,"AV. MALECON BALTA N° 956, MIRAFLORES, LIMA, LIMA"
451,Federico Lopez Yamamoto,URGENCIAS,Clinica Miraflores,"AV. JOSE ANTONIO ENCINAS N° 141, MIRAFLORES, LIMA, LIMA"
452,Luis Paredes Lopez,CIRUGÍA ORTOPEDICA Y TRAUMATOLOGIA,Clinica Miraflores,"AV. JOSE ANTONIO ENCINAS N° 141, MIRAFLORES, LIMA, LIMA"
453,Luis Diaz Yamamoto,CIRUGÍA ORTOPEDICA Y TRAUMATOLOGIA,Clinica Good Hope,"AV. MALECON BALTA N° 956, MIRAFLORES, LIMA, LIMA"
454,Federico Rodriguez Altamirano,RADIODIAGNÓSTICO,Clinica Miraflores,"AV. JOSE ANTONIO ENCINAS N° 141, MIRAFLORES, LIMA, LIMA"
455,Federico Rodriguez Altamirano,ONCOLOGIA,Clinica San Pablo Sede Surco,"AV. EL POLO N° 789, SANTIAGO DE SURCO, LIMA, LIMA"
456,Federico Garcia Rodriguez,DIGESTIVO,Clinica Neuroquirugica Alvarez,"AV. ALFREDO BENAVIDES N° 2965, MIRAFLORES, LIMA, LIMA"
457,Diego Altamirano Yamamoto,REHABILITACION,Clinica Padre Luis Tezza,"AV. EL POLO N° 570, SANTIAGO DE SURCO, LIMA, LIMA"
458,Federico Garcia Rodriguez,GINECOLOGÍA Y OBSTETRICIA,Clinica Neuroquirugica Alvarez,"AV. ALFREDO BENAVIDES N° 2965, MIRAFLORES, LIMA, LIMA"
459,Laura Garcia Sanchez,CIRUGÍA GENERAL Y DIGESTIVA,Clinica Padre Luis Tezza,"AV. EL POLO N° 570, SANTIAGO DE SURCO, LIMA, LIMA"
460,Laura Garcia Sanchez,NEUMOLOGIA,Clinica Neuroquirugica Alvarez,"AV. ALFREDO BENAVIDES N° 2965, MIRAFLORES, LIMA, LIMA"
461,Federico Lopez Yamamoto,FARMACIA,Clinica Miraflores,"AV. JOSE ANTONIO ENCINAS N° 141, MIRAFLORES, LIMA, LIMA"
462,Federico Rodriguez Altamirano,CIRUGÍA ORTOPEDICA Y TRAUMATOLOGIA,CLinica Maison de Sante Del Este,"AV. PROLONGACIÓN ALFREDO BENAVIDES N° 5362 URB. LAS GARDENIAS, SANTIAGO DE SURCO, LIMA, LIMA"
463,Luis Diaz Yamamoto,CARDIOLOGIA,CLinica Maison de Sante Del Este,"AV. PROLONGACIÓN ALFREDO BENAVIDES N° 5362 URB. LAS GARDENIAS, SANTIAGO DE SURCO, LIMA, LIMA"
464,Luis Diaz Yamamoto,OFTALMOLOGIA,CLinica Maison de Sante Del Este,"AV. PROLONGACIÓN ALFREDO BENAVIDES N° 5362 URB. LAS GARDENIAS, SANTIAGO DE SURCO, LIMA, LIMA"
465,Laura Altamirano Yamamoto,DIGESTIVO,Clinica Good Hope,"AV. MALECON BALTA N° 956, MIRAFLORES, LIMA, LIMA"
466,Federico Rodriguez Altamirano,FARMACIA,Clinica Padre Luis Tezza,"AV. EL POLO N° 570, SANTIAGO DE SURCO, LIMA, LIMA"
467,Diego Altamirano Yamamoto,ONCOLOGIA,Clinica Padre Luis Tezza,"AV. EL POLO N° 570, SANTIAGO DE SURCO, LIMA, LIMA"
468,Martin Rodriguez Diaz,REHABILITACION,CLinica Maison de Sante Del Este,"AV. PROLONGACIÓN ALFREDO BENAVIDES N° 5362 URB. LAS GARDENIAS, SANTIAGO DE SURCO, LIMA, LIMA"
469,Federico Rodriguez Lopez,CIRUGÍA GENERAL Y DIGESTIVA,Clinica San Pablo Sede Surco,"AV. EL POLO N° 789, SANTIAGO DE SURCO, LIMA, LIMA"
470,Martin Rodriguez Diaz,GINECOLOGÍA Y OBSTETRICIA,CLinica Maison de Sante Del Este,"AV. PROLONGACIÓN ALFREDO BENAVIDES N° 5362 URB. LAS GARDENIAS, SANTIAGO DE SURCO, LIMA, LIMA"
471,Federico Lopez Yamamoto,RADIODIAGNÓSTICO,Clinica San Pablo Sede Surco,"AV. EL POLO N° 789, SANTIAGO DE SURCO, LIMA, LIMA"
472,Martin Rodriguez Diaz,MEDICINA PREVENTIVA,Clinica Padre Luis Tezza,"AV. EL POLO N° 570, SANTIAGO DE SURCO, LIMA, LIMA"
473,Diego Altamirano Yamamoto,CARDIOLOGIA,Clinica Padre Luis Tezza,"AV. EL POLO N° 570, SANTIAGO DE SURCO, LIMA, LIMA"
474,Luis Diaz Yamamoto,PEDIATRIA/NEONATOLOGIA,CLinica Maison de Sante Del Este,"AV. PROLONGACIÓN ALFREDO BENAVIDES N° 5362 URB. LAS GARDENIAS, SANTIAGO DE SURCO, LIMA, LIMA"
475,Luis Paredes Lopez,OFTALMOLOGIA,Clinica San Pablo Sede Surco,"AV. EL POLO N° 789, SANTIAGO DE SURCO, LIMA, LIMA"
476,Laura Altamirano Yamamoto,FARMACIA,Clinica Neuroquirugica Alvarez,"AV. ALFREDO BENAVIDES N° 2965, MIRAFLORES, LIMA, LIMA"
477,Federico Lopez Yamamoto,CIRUGÍA GENERAL Y DIGESTIVA,CLinica Maison de Sante Del Este,"AV. PROLONGACIÓN ALFREDO BENAVIDES N° 5362 URB. LAS GARDENIAS, SANTIAGO DE SURCO, LIMA, LIMA"
478,Laura Altamirano Yamamoto,UROLOGIA,CLinica Maison de Sante Del Este,"AV. PROLONGACIÓN ALFREDO BENAVIDES N° 5362 URB. LAS GARDENIAS, SANTIAGO DE SURCO, LIMA, LIMA"
479,Federico Rodriguez Altamirano,UROLOGIA,Clinica Neuroquirugica Alvarez,"AV. ALFREDO BENAVIDES N° 2965, MIRAFLORES, LIMA, LIMA"
480,Federico Rodriguez Lopez,CUIDADOS INTENSIVOS,Clinica Los Andes,"CALLE ASUNCION N° 177, MIRAFLORES, LIMA, LIMA"
481,Luis Paredes Lopez,PEDIATRIA/NEONATOLOGIA,Clinica Padre Luis Tezza,"AV. EL POLO N° 570, SANTIAGO DE SURCO, LIMA, LIMA"
482,Federico Rodriguez Lopez,NEUMOLOGIA,Clinica San Pablo Sede Surco,"AV. EL POLO N° 789, SANTIAGO DE SURCO, LIMA, LIMA"
483,Luis Paredes Lopez,LABORATORIOS CLINICOS,Clinica San Pablo Sede Surco,"AV. EL POLO N° 789, SANTIAGO DE SURCO, LIMA, LIMA"
484,Luis Diaz Yamamoto,ONCOLOGIA,CLinica Maison de Sante Del Este,"AV. PROLONGACIÓN ALFREDO BENAVIDES N° 5362 URB. LAS GARDENIAS, SANTIAGO DE SURCO, LIMA, LIMA"
485,Martin Rodriguez Diaz,REHABILITACION,Clinica Neuroquirugica Alvarez,"AV. ALFREDO BENAVIDES N° 2965, MIRAFLORES, LIMA, LIMA"
486,Federico Rodriguez Lopez,HEMATOLOGIA,Clinica Los Andes,"CALLE ASUNCION N° 177, MIRAFLORES, LIMA, LIMA"
487,Laura Garcia Sanchez,CIRUGÍA GENERAL Y DIGESTIVA,Clinica Neuroquirugica Alvarez,"AV. ALFREDO BENAVIDES N° 2965, MIRAFLORES, LIMA, LIMA"
488,Federico Rodriguez Lopez,RADIODIAGNÓSTICO,CLinica Maison de Sante Del Este,"AV. PROLONGACIÓN ALFREDO BENAVIDES N° 5362 URB. LAS GARDENIAS, SANTIAGO DE SURCO, LIMA, LIMA"
489,Laura Altamirano Yamamoto,CUIDADOS INTENSIVOS,Clinica Los Andes,"CALLE ASUNCION N° 177, MIRAFLORES, LIMA, LIMA"
490,Luis Paredes Lopez,HEMATOLOGIA,Clinica Miraflores,"AV. JOSE ANTONIO ENCINAS N° 141, MIRAFLORES, LIMA, LIMA"
491,Diego Altamirano Yamamoto,CIRUGÍA ORTOPEDICA Y TRAUMATOLOGIA,Clinica San Pablo Sede Surco,"AV. EL POLO N° 789, SANTIAGO DE SURCO, LIMA, LIMA"
492,Federico Rodriguez Lopez,CUIDADOS INTENSIVOS,Clinica Neuroquirugica Alvarez,"AV. ALFREDO BENAVIDES N° 2965, MIRAFLORES, LIMA, LIMA"
493,Laura Garcia Sanchez,CIRUGÍA ORTOPEDICA Y TRAUMATOLOGIA,Clinica Los Andes,"CALLE ASUNCION N° 177, MIRAFLORES, LIMA, LIMA"
494,Laura Altamirano Yamamoto,URGENCIAS,Clinica Good Hope,"AV. MALECON BALTA N° 956, MIRAFLORES, LIMA, LIMA"
495,Federico Garcia Rodriguez,REHABILITACION,Clinica Miraflores,"AV. JOSE ANTONIO ENCINAS N° 141, MIRAFLORES, LIMA, LIMA"
496,Federico Lopez Yamamoto,REHABILITACION,Clinica Neuroquirugica Alvarez,"AV. ALFREDO BENAVIDES N° 2965, MIRAFLORES, LIMA, LIMA"
497,Martin Rodriguez Diaz,URGENCIAS,Clinica Neuroquirugica Alvarez,"AV. ALFREDO BENAVIDES N° 2965, MIRAFLORES, LIMA, LIMA"
498,Laura Garcia Sanchez,ONCOLOGIA,Clinica Padre Luis Tezza,"AV. EL POLO N° 570, SANTIAGO DE SURCO, LIMA, LIMA"
499,Luis Paredes Lopez,RADIODIAGNÓSTICO,Clinica Los Andes,"CALLE ASUNCION N° 177, MIRAFLORES, LIMA, LIMA"
